item_id,kind,title,claims,historical_label,data_sources,origin_groups,controls,control_failures,frozen,uncertainty_reported,grid_complete,independence_notes,classification,rationale,rerun_spec
SPEC-001,spec,001 — Glossa Lab Baseline (as-built),Baseline specification of the platform as it exists at adoption,Baseline specification of the platform as it exists at adoption,"[""Holdat"", ""ICIT"", ""Parpola""]","[""Holdat"", ""ICIT"", ""Parpola""]",unknown,unknown — not stated in spec/tasks scan,unknown,unknown,unknown,unknown,UNAFFECTED,As-built platform baseline; no verdict-bearing study claim.,
SPEC-002,spec,Spec 002 — GDELT Web Ngrams switch + frontier methods,(i) implemented; (ii) and (iii) recorded as future work /,(i) implemented; (ii) and (iii) recorded as future work /,"[""ICIT""]","[""ICIT""]",unknown,unknown — not stated in spec/tasks scan,unknown,unknown,unknown,unknown,UNAFFECTED,Platform/methods implementation; no Indus verdict produced.,
SPEC-003,spec,"Spec 003 — MCP update, requirements/test traceability, Indus continuation",Implemented on `feat/mcp-gaps-indus-continuation` (2026-10-05).,Implemented on `feat/mcp-gaps-indus-continuation` (2026-10-05).,"[""Holdat"", ""ICIT""]","[""Holdat"", ""ICIT""]",unknown,unknown — not stated in spec/tasks scan,unknown,unknown,unknown,unknown,UNAFFECTED,Platform update + traceability; no Indus verdict produced.,
SPEC-004,spec,"Spec 004 — Indus executable package (Phase-52 SA run, crosswalk expansion, anchors reconciliation, discovery triage)",Proposed 2026-10-05 on `feat/indus-executable-package` (from main,Proposed 2026-10-05 on `feat/indus-executable-package` (from main,"[""CISI images"", ""Holdat"", ""ICIT"", ""Mahadevan"", ""Parpola"", ""Wells""]","[""CISI images"", ""Holdat"", ""ICIT"", ""Mahadevan"", ""Parpola"", ""Wells""]",unknown,unknown — not stated in spec/tasks scan,unknown,unknown,unknown,unknown,REINTERPRET-ONLY,Executable package of the Phase-52 SA run; SA-basis outputs' evidentiary status was superseded program-wide by Phase-107 + H26. No rerun on the SA basis can cure that.,
SPEC-005,spec,"Spec 005 — Phase-52 v2: held-out validation, blind controls, constraint ablation, delta search, corpus pooling, metrology check",Proposed 2026-10-05 on `feat/phase52-v2` (from main ad6de412).,Proposed 2026-10-05 on `feat/phase52-v2` (from main ad6de412).,"[""CISI images"", ""Fuls"", ""Holdat"", ""ICIT"", ""Mahadevan"", ""Parpola"", ""Wells""]","[""CISI images"", ""Fuls"", ""Holdat"", ""ICIT"", ""Mahadevan"", ""Parpola"", ""Wells""]",controls mentioned (see spec text); type not fully specified in excerpt,unknown — not stated in spec/tasks scan,Pre-registered protocol (binding for Steps 1–5),unknown,unknown,unknown,UNAFFECTED,Design executed as Phase-107: held-out validation with discriminating blind controls (Sanskrit/scrambled statistically identical to target). Framework satisfied on its record; see PHASE-107.,
SPEC-006,spec,Spec 006 — Anchor Provenance Audit: what the 287 anchors rest on after Phase-107,Proposed 2026-10-06 on `feat/anchor-provenance-audit`,Proposed 2026-10-06 on `feat/anchor-provenance-audit`,"[""CISI images"", ""Fuls"", ""Holdat"", ""ICIT"", ""Mahadevan"", ""Parpola"", ""Wells""]","[""CISI images"", ""Fuls"", ""Holdat"", ""ICIT"", ""Mahadevan"", ""Parpola"", ""Wells""]",controls mentioned (see spec text); type not fully specified in excerpt,unknown — not stated in spec/tasks scan,Pre-registered taxonomy (binding; fixed BEFORE any classification),unknown,unknown,unknown,UNAFFECTED,"Anchor provenance audit (Phase-108): deterministic record work, no statistical verdict.",
SPEC-007,spec,Spec 007 — Phase-109 Follow-Through: executing the Phase-108 audit's recommendations,Proposed 2026-10-06 on `feat/phase109-follow-through`,Proposed 2026-10-06 on `feat/phase109-follow-through`,"[""CISI images"", ""Holdat"", ""ICIT"", ""Mahadevan"", ""Parpola""]","[""CISI images"", ""Holdat"", ""ICIT"", ""Mahadevan"", ""Parpola""]",controls mentioned (see spec text); type not fully specified in excerpt,unknown — not stated in spec/tasks scan,"pre-registered mechanical rules below, with every",unknown,unknown,unknown,UNAFFECTED,"Phase-109 remediation executed under the H26 non-SA evidence gate; adjudication record, not a statistical test.",
SPEC-008,spec,Spec 008 — Phase-110: M222 / 'kur' Adjudication + OSF Registry Link,Proposed 2026-10-06 on `feat/phase110-m222-adjudication`,Proposed 2026-10-06 on `feat/phase110-m222-adjudication`,"[""CISI images"", ""Holdat"", ""Mahadevan"", ""Parpola""]","[""CISI images"", ""Holdat"", ""Mahadevan"", ""Parpola""]",unknown,unknown — not stated in spec/tasks scan,Pre-registered decision rule (binding; fixed BEFORE any entry is touched),unknown,unknown,unknown,UNAFFECTED,Phase-110 dossier adjudication on non-SA evidence; no statistical verdict.,
SPEC-009,spec,Spec 009 — Phase-111: Blind Language-Affiliation Study (pre-registration),FROZEN 2026-10-06 on `phase/111-blind-affiliation`,FROZEN 2026-10-06 on `phase/111-blind-affiliation`,"[""CISI images"", ""Holdat"", ""ICIT"", ""Mahadevan"", ""Wells""]","[""CISI images"", ""Holdat"", ""ICIT"", ""Mahadevan"", ""Wells""]",controls mentioned (see spec text); type not fully specified in excerpt,unknown — not stated in spec/tasks scan,pre-registration),yes — CI/effect-size language in spec,unknown,unknown,REINTERPRET-ONLY,Executed as Phase-111: INVALID RUN — control validity failed. Tie-break 1: no rerun of the same design cures an invalid instrument basis; taxonomy reading INVALID stands via assessment.,
SPEC-010,spec,"Spec 010 — Phase-112: Blind Language-Affiliation Study, Order-Carrying Features (pre-registration)",FROZEN 2026-10-07 on `phase/112-blind-affiliation-ordersensitive`,FROZEN 2026-10-07 on `phase/112-blind-affiliation-ordersensitive`,"[""CISI images"", ""Holdat"", ""ICIT""]","[""CISI images"", ""Holdat"", ""ICIT""]",controls mentioned (see spec text); type not fully specified in excerpt,unknown — not stated in spec/tasks scan,pre-registration),yes — CI/effect-size language in spec,unknown,unknown,REINTERPRET-ONLY,Executed as Phase-112: INVALID RUN — control validity failed. Same basis as SPEC-009.,
SPEC-011,spec,Spec 011 — Phase-113: Non-SA Validation Battery for the 44 SA-Lineage Anchors (pre-registration),FROZEN 2026-10-07 on `phase/nonsa44-validation` (from main,FROZEN 2026-10-07 on `phase/nonsa44-validation` (from main,"[""CISI images"", ""Holdat"", ""ICIT"", ""Mahadevan"", ""Wells""]","[""CISI images"", ""Holdat"", ""ICIT"", ""Mahadevan"", ""Wells""]",positive+negative controls mentioned in spec/tasks,unknown — not stated in spec/tasks scan,pre-registration),unknown,unknown,unknown,REINTERPRET-ONLY,"Executed as Phase-113 (non-SA44 battery): rejected at calibration; no valid confirmation test completed, so the framework reading is INCONCLUSIVE, not a contradiction of the 44 anchors' claims.",
SPEC-012,spec,"Spec 012 — Phase-113: Blind Language-Affiliation Study, Adversarial Protocol (pre-registration)",FROZEN 2026-10-07 on `phase/113-blind-affiliation-adversarial`,FROZEN 2026-10-07 on `phase/113-blind-affiliation-adversarial`,"[""Holdat"", ""ICIT""]","[""Holdat"", ""ICIT""]",controls mentioned (see spec text); type not fully specified in excerpt,unknown — not stated in spec/tasks scan,pre-registration),yes — CI/effect-size language in spec,unknown,unknown,REINTERPRET-ONLY,"Executed as Phases 113/114 (blind affiliation, adversarial): INVALID RUN — the grammar-free generator control was non-discriminating (won 100% of draws in the recorded round). Instrument-basis defect; reinterpret only.",
SPEC-013,spec,Spec 013 — Tamil Nadu Graffiti Crosswalk: Independent Attestation Contexts for the CANDIDATE-Tier Sign Tail (feasibility + acquisition gate),FEASIBILITY COMPLETE 2026-10-07. The study is,FEASIBILITY COMPLETE 2026-10-07. The study is,"[""CISI images"", ""Holdat"", ""ICIT"", ""Mahadevan""]","[""CISI images"", ""Holdat"", ""ICIT"", ""Mahadevan""]",controls mentioned (see spec text); type not fully specified in excerpt,unknown — not stated in spec/tasks scan,frozen at its acquisition gate (§5)**: no graffiti data has been,unknown,unknown,unknown,UNAFFECTED,"Feasibility study completed; descriptive crosswalk groundwork, no verdict.",
SPEC-014,spec,Spec 014 — Phase-115: Non-SA Validation Battery v2 for the 44 SA-Lineage Anchors (pre-registration),FROZEN 2026-10-07 on `phase/nonsa44-validation-v2`,FROZEN 2026-10-07 on `phase/nonsa44-validation-v2`,"[""CISI images"", ""Holdat"", ""ICIT"", ""Mahadevan"", ""Parpola"", ""Wells""]","[""CISI images"", ""Holdat"", ""ICIT"", ""Mahadevan"", ""Parpola"", ""Wells""]",positive+negative controls mentioned in spec/tasks,unknown — not stated in spec/tasks scan,pre-registration),unknown,unknown,unknown,REINTERPRET-ONLY,Executed as Phase-115: BATTERY REJECTED at calibration. Framework reading INCONCLUSIVE for the tested claims.,
SPEC-015,spec,Spec 015 — Phase-116: Corpus-Harmonization Study — Why Holdat and ICIT Positional Profiles Disagree (pre-registration),FROZEN 2026-10-07 on `phase/harmonization-study`,FROZEN 2026-10-07 on `phase/harmonization-study`,"[""CISI images"", ""Holdat"", ""ICIT"", ""Mahadevan"", ""Parpola"", ""Wells""]","[""CISI images"", ""Holdat"", ""ICIT"", ""Mahadevan"", ""Parpola"", ""Wells""]",unknown,unknown — not stated in spec/tasks scan,pre-registration),unknown,unknown,unknown,REPRODUCE-ONLY,"Executed as Phase-116: verdicts (H-MAPPING, H-DEFINITION refuted) rest on recorded effect estimates from recorded datasets; deterministic recomputation suffices. Replay in Phase-145 spot set.",
SPEC-016,spec,Spec 016 — Phase-117: Within-Compilation Validation Battery for the 44 Flagged Anchors (pre-registration),DESIGN FROZEN 2026-10-07 on,DESIGN FROZEN 2026-10-07 on,"[""CISI images"", ""Holdat"", ""ICIT""]","[""CISI images"", ""Holdat"", ""ICIT""]",positive+negative controls mentioned in spec/tasks,unknown — not stated in spec/tasks scan,pre-registration),p-values only in spec text scanned; no CI/effect-size language found,unknown,unknown,REINTERPRET-ONLY,Executed as Phase-117: BATTERY REJECTED at calibration. Framework reading INCONCLUSIVE.,
SPEC-017,spec,"Spec 017 — Phase-118: Within-Compilation Validation Battery v2 (W1-Primary, Cross-Fit W3) for the 44 Flagged Anchors (pre-registration)",DESIGN FROZEN 2026-10-07 on,DESIGN FROZEN 2026-10-07 on,"[""CISI images"", ""Holdat"", ""ICIT""]","[""CISI images"", ""Holdat"", ""ICIT""]",positive+negative controls mentioned in spec/tasks,unknown — not stated in spec/tasks scan,pre-registration),p-values only in spec text scanned; no CI/effect-size language found,unknown,unknown,REINTERPRET-ONLY,Executed as Phase-118: BATTERY REJECTED at calibration; the spec's own S10 named the coarse-fabric limit. Framework reading INCONCLUSIVE.,
SPEC-018,spec,Spec 018 — Phase-119: PRED-2026 Readiness — the Pre-Registered Prediction Evaluation Harness,DESIGN FROZEN 2026-10-07 on `phase/119-pred-harness`,DESIGN FROZEN 2026-10-07 on `phase/119-pred-harness`,"[""CISI images"", ""Fuls"", ""Holdat"", ""ICIT"", ""Mahadevan"", ""Parpola"", ""Wells"", ""mayig/Mahadevan-lineage""]","[""CISI images"", ""Fuls"", ""Holdat"", ""ICIT"", ""Mahadevan"", ""Parpola"", ""Wells"", ""mayig/Mahadevan-lineage""]",unknown,unknown — not stated in spec/tasks scan,Pre-Registered Prediction Evaluation Harness,unknown,unknown,unknown,REPRODUCE-ONLY,PRED-2026 readiness harness (Phase-119). Criteria tie-break 3 caps PRED items at reproduce/reinterpret; the harness is deterministic and its refusal behavior is the result.,
SPEC-019,spec,"Spec 019 — Phase-125: Cross-Compilation Positional Comparison — mayig/CISI Layer vs Holdat Compilation, Joined Only Through the Phase-122 Crosswalk (pre-registration)",DESIGN FROZEN 2026-10-08 on,DESIGN FROZEN 2026-10-08 on,"[""CISI images"", ""Holdat"", ""ICIT"", ""Mahadevan"", ""Parpola"", ""Wells"", ""mayig/Mahadevan-lineage""]","[""CISI images"", ""Holdat"", ""ICIT"", ""Mahadevan"", ""Parpola"", ""Wells"", ""mayig/Mahadevan-lineage""]",controls mentioned (see spec text); type not fully specified in excerpt,unknown — not stated in spec/tasks scan,pre-registration),unknown,unknown,unknown,REPRODUCE-ONLY,Executed as Phase-125 (+127 diagnostic): the falsifier pattern was pre-declared in the spec (S6.3) and Phase-127 already computed the bootstrap interval for the effect. Replay (Phase-145) + taxonomy adjudication in the assessment; no C1-C4 correction remains unapplied.,
SPEC-020,spec,"Spec 020 — Adjudication: Does the Soviet Positional Dataset (Phase-121, Kondratov 1965) Qualify as an Evaluation Source for PRED-2026-001/002?",ADJUDICATION PAPER — owner-ordered 2026-10-08,ADJUDICATION PAPER — owner-ordered 2026-10-08,"[""CISI images"", ""Fuls"", ""Holdat"", ""ICIT"", ""Mahadevan"", ""PRED2026"", ""Parpola"", ""Soviet positional tables"", ""Wells"", ""mayig/Mahadevan-lineage""]","[""CISI images"", ""Fuls"", ""Holdat"", ""ICIT"", ""Mahadevan"", ""PRED2026"", ""Parpola"", ""Soviet positional tables"", ""Wells"", ""mayig/Mahadevan-lineage""]",controls mentioned (see spec text); type not fully specified in excerpt,unknown — not stated in spec/tasks scan,frozen evaluability matrix of,unknown,unknown,unknown,UNAFFECTED,"Adjudication paper: the Soviet dataset does not qualify as a PRED test — a classification decision on recorded criteria, not a statistical verdict.",
SPEC-021,spec,Spec 021 — Phase-127: Cross-Compilation Disagreement Diagnostic — How Much of Phase-125's Disagreement Is Genuine vs Sampling Noise / Crosswalk Ambiguity / Composition (pre-registration),DESIGN FROZEN 2026-10-08 on,DESIGN FROZEN 2026-10-08 on,"[""CISI images"", ""Holdat"", ""ICIT"", ""Mahadevan"", ""Parpola"", ""Wells"", ""mayig/Mahadevan-lineage""]","[""CISI images"", ""Holdat"", ""ICIT"", ""Mahadevan"", ""Parpola"", ""Wells"", ""mayig/Mahadevan-lineage""]",controls mentioned (see spec text); type not fully specified in excerpt,unknown — not stated in spec/tasks scan,pre-registration),yes — CI/effect-size language in spec,unknown,unknown,REPRODUCE-ONLY,Executed as Phase-127: deterministic diagnostic (null replicates + bootstrap) over recorded Phase-125 outputs; replay in Phase-145.,
SPEC-021-INTAKE,spec,Spec 021 — Phase-130: Independent-Data Intake Pack,BUILT 2026-10-08 on `phase/130-intake-pack`,BUILT 2026-10-08 on `phase/130-intake-pack`,"[""CISI images"", ""ICIT"", ""Mahadevan"", ""Parpola"", ""Wells""]","[""CISI images"", ""ICIT"", ""Mahadevan"", ""Parpola"", ""Wells""]",unknown,unknown — not stated in spec/tasks scan,frozen protocol,unknown,unknown,unknown,UNAFFECTED,Phase-130 intake pack: tooling with validator + tests on record; no verdict.,
SPEC-022,spec,Spec 022 — Phase-131: Source-of-Disagreement Attribution for the Phase-125/127 Cross-Compilation Result (pre-registration),DESIGN FROZEN 2026-10-09 on,DESIGN FROZEN 2026-10-09 on,"[""CISI images"", ""Holdat"", ""ICIT"", ""Mahadevan"", ""Parpola"", ""mayig/Mahadevan-lineage""]","[""CISI images"", ""Holdat"", ""ICIT"", ""Mahadevan"", ""Parpola"", ""mayig/Mahadevan-lineage""]",controls mentioned (see spec text); type not fully specified in excerpt,unknown — not stated in spec/tasks scan,pre-registration),yes,unknown,unknown,REPRODUCE-ONLY,Executed as Phase-131: attribution percentages are deterministic functions of recorded datasets; replay in Phase-145 spot set.,
SPEC-023,spec,Spec 023 — Keyed Transcription Layer over CISI Vols. 1–2,FROZEN 2026-10-09 (freeze commit on,FROZEN 2026-10-09 (freeze commit on,"[""CISI images"", ""Holdat"", ""ICIT"", ""Mahadevan"", ""Parpola"", ""Soviet positional tables"", ""Wells"", ""mayig/Mahadevan-lineage""]","[""CISI images"", ""Holdat"", ""ICIT"", ""Mahadevan"", ""Parpola"", ""Soviet positional tables"", ""Wells"", ""mayig/Mahadevan-lineage""]",unknown,unknown — not stated in spec/tasks scan,FROZEN — OWNER ADJUDICATION RECORDED 2026-10-09,yes,unknown,unknown,RERUN-REQUIRED,Executed as Phase-132 (keyed-transcription pilot). C4: complete on-disk coding records exist; rescoring under the taxonomy + interval completion is specified in the Phase-142 rerun contract.,"Phase-142 (C4 rescoring, shared contract)"
SPEC-024,spec,Spec 024 — Evidence Integration: Tying the Inscriptions to Non-Textual Evidence,FROZEN 2026-10-09 (Stage 0; freeze commit,FROZEN 2026-10-09 (Stage 0; freeze commit,"[""AI coding"", ""CISI images"", ""Fuls"", ""Holdat"", ""ICIT"", ""Mahadevan"", ""Parpola"", ""Soviet positional tables"", ""Wells"", ""horus84/ICIT-lineage"", ""mayig/Mahadevan-lineage""]","[""AI coding"", ""CISI images"", ""Fuls"", ""Holdat"", ""ICIT"", ""Mahadevan"", ""Parpola"", ""Soviet positional tables"", ""Wells"", ""horus84/ICIT-lineage"", ""mayig/Mahadevan-lineage""]",controls mentioned (see spec text); type not fully specified in excerpt,unknown — not stated in spec/tasks scan,FROZEN — OWNER ADJUDICATION RECORDED 2026-10-09 (Stage 0 freeze),unknown,unknown,unknown,RERUN-REQUIRED,Stage 1 pilots (Phases 134/135) meet C4; Stage 2 arms F2/F3 (Phase-137) meet C1 (chi-square p-values with point V only; intervals computable from the recorded layer).,"Phase-142 (C4, pilots) + Phase-143 (C1, F2/F3)"
SPEC-025,spec,Spec 025 — Stage 2 Controlled Follow-Up,Spec 025 — Stage 2 Controlled Follow-Up,unknown,"[""CISI images"", ""ICIT"", ""Wells"", ""horus84/ICIT-lineage""]","[""CISI images"", ""ICIT"", ""Wells"", ""horus84/ICIT-lineage""]",controls mentioned (see spec text); type not fully specified in excerpt,unknown — not stated in spec/tasks scan,FROZEN — OWNER-ADJUDICATED 2026-10-10 (see §11),yes — CI/effect-size language in spec,unknown,unknown,RERUN-REQUIRED,Phase-140 (G1) meets C1: SUPPORTED rested on the permutation p-value with a point Cramer's V; a stratified interval for V is computable from the recorded layer under the frozen strata.,"Phase-144 (C1, G1 + exploratory sensitivity intervals)"
PHASE-52,phase," **39 checks passed, 0 failed, 9 warnings** (verdict READY WITH   CAVEATS; warnings are the script's pre-existing documented caveats:   site coverage,","passed, 0 failed, 9 warnings** (verdict READY WITH   CAVEATS; warnings are the script's pre-existing documented caveats:   sit","passed, 0 failed, 9 warnings** (verdict READY WITH   CAVEATS; warnings are the script's pre-existing documented caveats:   sit","[""Indus corpus (unspecified lineage in excerpt)"", ""Parpola""]","[""Indus corpus (unspecified lineage in excerpt)"", ""Parpola""]",unknown,none recorded in sources scanned,unknown,unknown/no CI-effect-size language in sources scanned,unknown,unknown — derivative/reuse not determined from excerpt scan,REINTERPRET-ONLY,"SA-era / pre-framework phase known only from grouped ledger summaries; no frozen design, controls record, or dedicated report is recoverable, and any SA-basis content is governed by the Phase-107 falsification + H26. No rerun can cure the basis; the cohort assessment carries the status change.",
PHASE-53,phase,"ies (up from 38) - Total anchors: 149  ### Phase-52: Constrained Syllabic SA - z=16.01, 59 anchors pinned, SA agrees 55% - Full decipherment table: `r",unknown,unknown,unknown,"[""unknown""]",unknown,none recorded in sources scanned,unknown,unknown/no CI-effect-size language in sources scanned,unknown,unknown — derivative/reuse not determined from excerpt scan,REINTERPRET-ONLY,"SA-era / pre-framework phase known only from grouped ledger summaries; no frozen design, controls record, or dedicated report is recoverable, and any SA-basis content is governed by the Phase-107 falsification + H26. No rerun can cure the basis; the cohort assessment carries the status change.",
PHASE-54,phase," anchors pinned, SA agrees 55% - Full decipherment table: `reports/phase52_full_decipherment_table.json`  ### Phase-53: Formula Pilot - 16 formulas ≥8",unknown,unknown,"[""Parpola""]","[""Parpola""]",unknown,none recorded in sources scanned,unknown,unknown/no CI-effect-size language in sources scanned,unknown,unknown — derivative/reuse not determined from excerpt scan,REINTERPRET-ONLY,"SA-era / pre-framework phase known only from grouped ledger summaries; no frozen design, controls record, or dedicated report is recoverable, and any SA-basis content is governed by the Phase-107 falsification + H26. No rerun can cure the basis; the cohort assessment carries the status change.",
PHASE-55,phase,.json`  ### Phase-53: Formula Pilot - 16 formulas ≥80% decoded (tiru-il-ay-aṇ-kol and 15 others)  ### Phase-54: Falsification Battery - 43% support ra,unknown,unknown,"[""Parpola""]","[""Parpola""]",unknown,none recorded in sources scanned,unknown,unknown/no CI-effect-size language in sources scanned,unknown,unknown — derivative/reuse not determined from excerpt scan,REINTERPRET-ONLY,"SA-era / pre-framework phase known only from grouped ledger summaries; no frozen design, controls record, or dedicated report is recoverable, and any SA-basis content is governed by the Phase-107 falsification + H26. No rerun can cure the basis; the cohort assessment carries the status change.",
PHASE-56,phase,ircular/component chains catalogued with   citations; 0/31 extracted claims cite any sign ID; all 37 SA-citing   foundation-check lines assessed post-,passed / 9 skipped / 0   failed** (baseline 576/9 + 10 new tests); foundation check **40/0/8**   (baseline-identical); ruff cl,passed / 9 skipped / 0   failed** (baseline 576/9 + 10 new tests); foundation check **40/0/8**   (baseline-identical); ruff cl,"[""Indus corpus (unspecified lineage in excerpt)"", ""Parpola""]","[""Indus corpus (unspecified lineage in excerpt)"", ""Parpola""]",unknown,none recorded in sources scanned,unknown,unknown/no CI-effect-size language in sources scanned,unknown,unknown — derivative/reuse not determined from excerpt scan,REINTERPRET-ONLY,"SA-era / pre-framework phase known only from grouped ledger summaries; no frozen design, controls record, or dedicated report is recoverable, and any SA-basis content is governed by the Phase-107 falsification + H26. No rerun can cure the basis; the cohort assessment carries the status change.",
PHASE-57,phase,o token-granularity mismatch (FIXED in Phase-62a)  ### Phase-56: Parpola Sign List Expansion - +14 MEDIUM anchors via EXTENDED_PARPOLA_MAP (75 entries,"confirmed readings  ### Phase-58: Phonological Gap Analysis - **VALID**: 0 phonotactic violations, 16 distinct initials, max shar","confirmed readings  ### Phase-58: Phonological Gap Analysis - **VALID**: 0 phonotactic violations, 16 distinct initials, max shar","[""Parpola""]","[""Parpola""]",unknown,none recorded in sources scanned,unknown,unknown/no CI-effect-size language in sources scanned,incomplete/gaps recorded in sources scanned,unknown — derivative/reuse not determined from excerpt scan,REINTERPRET-ONLY,"SA-era / pre-framework phase known only from grouped ledger summaries; no frozen design, controls record, or dedicated report is recoverable, and any SA-basis content is governed by the Phase-107 falsification + H26. No rerun can cure the basis; the cohort assessment carries the status change.",
PHASE-58,phase,"al-class agreement;   profile TV ≤ 0.40); T2 positional-grammar fit vs the strict   SA-independent core (profile TV ≤ 0.35 to the class centroid, moda",PASS   (tier unchanged; this phase va tries) - Total: 163 anchors (37 HIGH / 49 MEDIUM)  ### Phase-57: Expanded Constrained,PASS   (tier unchanged; this phase va tries) - Total: 163 anchors (37 HIGH / 49 MEDIUM)  ### Phase-57: Expanded Constrained,"[""CISI images""]","[""CISI images""]",unknown,none recorded in sources scanned,frozen syllable canon); T3 compositional   co-occurrence (≥ 3 strict partners at co-occurrence ≥ 2; ≥ 4   fully-core-readable contexts; ≥ 0.75 can,unknown/no CI-effect-size language in sources scanned,incomplete/gaps recorded in sources scanned,unknown — derivative/reuse not determined from excerpt scan,REINTERPRET-ONLY,"SA-era / pre-framework phase known only from grouped ledger summaries; no frozen design, controls record, or dedicated report is recoverable, and any SA-basis content is governed by the Phase-107 falsification + H26. No rerun can cure the basis; the cohort assessment carries the status change.",
PHASE-59,phase,"hest z-score in the project** - SA agrees 39% with confirmed readings  ### Phase-58: Phonological Gap Analysis - **VALID**: 0 phonotactic violations, ","confirmed readings  ### Phase-58: Phonological Gap Analysis - **VALID**: 0 phonotactic violations, 16 distinct initials, max shar","confirmed readings  ### Phase-58: Phonological Gap Analysis - **VALID**: 0 phonotactic violations, 16 distinct initials, max shar","[""Parpola""]","[""Parpola""]",unknown,none recorded in sources scanned,unknown,unknown/no CI-effect-size language in sources scanned,incomplete/gaps recorded in sources scanned,unknown — derivative/reuse not determined from excerpt scan,REINTERPRET-ONLY,"SA-era / pre-framework phase known only from grouped ledger summaries; no frozen design, controls record, or dedicated report is recoverable, and any SA-basis content is governed by the Phase-107 falsification + H26. No rerun can cure the basis; the cohort assessment carries the status change.",
PHASE-60,phase,"nalysis - **VALID**: 0 phonotactic violations, 16 distinct initials, max share 24.7% (<30%)  ### Phase-59: Pilot Readings - 22 formulas ≥80% decoded (",unknown,unknown,"[""Parpola""]","[""Parpola""]",unknown,none recorded in sources scanned,unknown,unknown/no CI-effect-size language in sources scanned,unknown,unknown — derivative/reuse not determined from excerpt scan,REINTERPRET-ONLY,"SA-era / pre-framework phase known only from grouped ledger summaries; no frozen design, controls record, or dedicated report is recoverable, and any SA-basis content is governed by the Phase-107 falsification + H26. No rerun can cure the basis; the cohort assessment carries the status change.",
PHASE-61,phase,tric was inverted. Constraints degrade SA. The baseline z=4+ is the correct reference. Phase-46 T2 CONSTRAINT_IMPROVES_FIT verdict should be read as C,"pass Dravidian vowel harmony  ---  ## Phase-62 through Phase-66 — Ensemble Fix, Filtered SA, M267, Crosswalk, Sanskrit Falsi","pass Dravidian vowel harmony  ---  ## Phase-62 through Phase-66 — Ensemble Fix, Filtered SA, M267, Crosswalk, Sanskrit Falsi","[""ICIT-lineage"", ""Parpola""]","[""ICIT-lineage"", ""Parpola""]",unknown,none recorded in sources scanned,unknown,unknown/no CI-effect-size language in sources scanned,unknown,unknown — derivative/reuse not determined from excerpt scan,REINTERPRET-ONLY,"SA-era / pre-framework phase known only from grouped ledger summaries; no frozen design, controls record, or dedicated report is recoverable, and any SA-basis content is governed by the Phase-107 falsification + H26. No rerun can cure the basis; the cohort assessment carries the status change.",
PHASE-62,phase,"t notation than our regex  ### Phase-61: Phonotactic Falsification - MOSTLY_VALID: 88% valid, 12% violations (SA-only unverified proposals) - 94% of i","pass Dravidian vowel harmony  ---  ## Phase-62 through Phase-66 — Ensemble Fix, Filtered SA, M267, Crosswalk, Sanskrit Falsi","pass Dravidian vowel harmony  ---  ## Phase-62 through Phase-66 — Ensemble Fix, Filtered SA, M267, Crosswalk, Sanskrit Falsi",unknown,"[""unknown""]",unknown,none recorded in sources scanned,unknown,unknown/no CI-effect-size language in sources scanned,unknown,unknown — derivative/reuse not determined from excerpt scan,REINTERPRET-ONLY,"SA-era / pre-framework phase known only from grouped ledger summaries; no frozen design, controls record, or dedicated report is recoverable, and any SA-basis content is governed by the Phase-107 falsification + H26. No rerun can cure the basis; the cohort assessment carries the status change.",
PHASE-63,phase,words near numbers) - Parpola 2010 has 472 relevant keyword hits but uses different sign-number notation - **Conclusion**: Publication mining requires,invalid-initial syllables (b/d/g/f/w/x) from SA target vocab - z=14.18 (slight reduction from 19.07 due to smaller search space,invalid-initial syllables (b/d/g/f/w/x) from SA target vocab - z=14.18 (slight reduction from 19.07 due to smaller search space,"[""Parpola""]","[""Parpola""]",unknown,none recorded in sources scanned,unknown,unknown/no CI-effect-size language in sources scanned,unknown,unknown — derivative/reuse not determined from excerpt scan,REINTERPRET-ONLY,"SA-era / pre-framework phase known only from grouped ledger summaries; no frozen design, controls record, or dedicated report is recoverable, and any SA-basis content is governed by the Phase-107 falsification + H26. No rerun can cure the basis; the cohort assessment carries the status change.",
PHASE-64,phase,otactic violations** (vs 12% in Phase-57 unfiltered) - SA agrees 41% with confirmed readings (improved from 39%) - Filtered decipherment table: `repor,confirmed readings (improved from 39%) - Filtered decipherment table: `reports/phase63_filtered_decipherment_table.json`  ### Pha,confirmed readings (improved from 39%) - Filtered decipherment table: `reports/phase63_filtered_decipherment_table.json`  ### Pha,unknown,"[""unknown""]",unknown,none recorded in sources scanned,unknown,unknown/no CI-effect-size language in sources scanned,unknown,unknown — derivative/reuse not determined from excerpt scan,REINTERPRET-ONLY,"SA-era / pre-framework phase known only from grouped ledger summaries; no frozen design, controls record, or dedicated report is recoverable, and any SA-basis content is governed by the Phase-107 falsification + H26. No rerun can cure the basis; the cohort assessment carries the status change.",
PHASE-65,phase,"]"" → ""[agent's lord]"" - 2nd candidate: col (to say/call, score 6.5) - M267 positional entropy H=2.851 (medial 78% — consistent with particle) - 20 top",unknown,unknown,"[""ICIT-lineage"", ""Mahadevan"", ""Parpola""]","[""ICIT-lineage"", ""Mahadevan"", ""Parpola""]",unknown,none recorded in sources scanned,unknown,unknown/no CI-effect-size language in sources scanned,unknown,unknown — derivative/reuse not determined from excerpt scan,REINTERPRET-ONLY,"SA-era / pre-framework phase known only from grouped ledger summaries; no frozen design, controls record, or dedicated report is recoverable, and any SA-basis content is governed by the Phase-107 falsification + H26. No rerun can cure the basis; the cohort assessment carries the status change.",
PHASE-66,phase,"ur regex  ### Phase-61: Phonotactic Falsification - MOSTLY_VALID: 88% valid, 12% violations (SA-only unverified proposals) - 94% of inscriptions pass ","pass Dravidian vowel harmony  ---  ## Phase-62 through Phase-66 — Ensemble Fix, Filtered SA, M267, Crosswalk, Sanskrit Falsi","pass Dravidian vowel harmony  ---  ## Phase-62 through Phase-66 — Ensemble Fix, Filtered SA, M267, Crosswalk, Sanskrit Falsi",unknown,"[""unknown""]",unknown,none recorded in sources scanned,unknown,unknown/no CI-effect-size language in sources scanned,unknown,unknown — derivative/reuse not determined from excerpt scan,REINTERPRET-ONLY,"SA-era / pre-framework phase known only from grouped ledger summaries; no frozen design, controls record, or dedicated report is recoverable, and any SA-basis content is governed by the Phase-107 falsification + H26. No rerun can cure the basis; the cohort assessment carries the status change.",
PHASE-67,phase,_sa.json` - `reports/phase63_filtered_decipherment_table.json` - `reports/phase64_morphological_boundary.json` - `reports/phase65_crosswalk_top100.jso,null; lift = (SA - null) / |null| - **Dravidian lift: 23.4% vs Sanskrit lift: 12.6% → ratio 1.85x DRAVIDIAN_P g vs P56 cross,null; lift = (SA - null) / |null| - **Dravidian lift: 23.4% vs Sanskrit lift: 12.6% → ratio 1.85x DRAVIDIAN_P g vs P56 cross,"[""Parpola""]","[""Parpola""]",unknown,none recorded in sources scanned,unknown,unknown/no CI-effect-size language in sources scanned,incomplete/gaps recorded in sources scanned,unknown — derivative/reuse not determined from excerpt scan,REINTERPRET-ONLY,"SA-era / pre-framework phase known only from grouped ledger summaries; no frozen design, controls record, or dedicated report is recoverable, and any SA-basis content is governed by the Phase-107 falsification + H26. No rerun can cure the basis; the cohort assessment carries the status change.",
PHASE-68,phase,"ic, SA cannot pin it - M267 remains UNCERTAIN from SA evidence - Grammar analysis (Phase-64, score 7.0 for iN) remains the primary evidence - Status: ",unknown,unknown,unknown,"[""unknown""]",unknown,none recorded in sources scanned,unknown,unknown/no CI-effect-size language in sources scanned,unknown,unknown — derivative/reuse not determined from excerpt scan,REINTERPRET-ONLY,"SA-era / pre-framework phase known only from grouped ledger summaries; no frozen design, controls record, or dedicated report is recoverable, and any SA-basis content is governed by the Phase-107 falsification + H26. No rerun can cure the basis; the cohort assessment carries the status change.",
PHASE-69,phase,oL reading) - Still modest — SA variance limits consensus even with 10 seeds - Status: NEEDS CAVEAT — ensemble method limited by SA variance - Report:,"passed, 0 failed, 6 warnings** - New VERIFIED claims: Phase-67 Sanskrit falsification 1.85x, Phase-69 100% site-invariant gram","passed, 0 failed, 6 warnings** - New VERIFIED claims: Phase-67 Sanskrit falsification 1.85x, Phase-69 100% site-invariant gram","[""Holdat"", ""Parpola""]","[""Holdat"", ""Parpola""]",unknown,none recorded in sources scanned,unknown,unknown/no CI-effect-size language in sources scanned,incomplete/gaps recorded in sources scanned,unknown — derivative/reuse not determined from excerpt scan,REINTERPRET-ONLY,"SA-era / pre-framework phase known only from grouped ledger summaries; no frozen design, controls record, or dedicated report is recoverable, and any SA-basis content is governed by the Phase-107 falsification + H26. No rerun can cure the basis; the cohort assessment carries the status change.",
PHASE-70,phase,"`reports/phase66_sanskrit_sa.json`   ---  ## Phase-67 through Phase-73 — Sanskrit Falsification, Formula Annotation, Site Stratification, Crosswalk, P",pass-1 overrides/confirms); 191 edge-case entries are logged in the register rather than forced. Notable single signs: M267,pass-1 overrides/confirms); 191 edge-case entries are logged in the register rather than forced. Notable single signs: M267,"[""ICIT-lineage"", ""Parpola""]","[""ICIT-lineage"", ""Parpola""]",unknown,none recorded in sources scanned,pre-registered first-proposal rule (Phase-77's sole high-trust SA proposal preceded its Phase-87 DEDR-rebus promotion — flagged as contestable for the,unknown/no CI-effect-size language in sources scanned,unknown,unknown — derivative/reuse not determined from excerpt scan,REINTERPRET-ONLY,"SA-era / pre-framework phase known only from grouped ledger summaries; no frozen design, controls record, or dedicated report is recoverable, and any SA-basis content is governed by the Phase-107 falsification + H26. No rerun can cure the basis; the cohort assessment carries the status change.",
PHASE-71,phase, Holdat sites** - Chi-squared p>0.05 for all signs — no significant site variation - **Strong evidence for pan-Indus unified writing system** - Report,unknown,unknown,"[""Holdat"", ""Mahadevan"", ""Parpola""]","[""Holdat"", ""Mahadevan"", ""Parpola""]",unknown,none recorded in sources scanned,unknown,unknown/no CI-effect-size language in sources scanned,unknown,unknown — derivative/reuse not determined from excerpt scan,REINTERPRET-ONLY,"SA-era / pre-framework phase known only from grouped ledger summaries; no frozen design, controls record, or dedicated report is recoverable, and any SA-basis content is governed by the Phase-107 falsification + H26. No rerun can cure the basis; the cohort assessment carries the status change.",
PHASE-72,phase,"% token coverage)** - Still unmapped: 19 top-100 signs (mostly abstract geometric signs M038, M010, M078...) - RISK-001 substantially resolved - Repor",unknown,unknown,"[""Parpola""]","[""Parpola""]",unknown,none recorded in sources scanned,unknown,unknown/no CI-effect-size language in sources scanned,unknown,unknown — derivative/reuse not determined from excerpt scan,REINTERPRET-ONLY,"SA-era / pre-framework phase known only from grouped ledger summaries; no frozen design, controls record, or dedicated report is recoverable, and any SA-basis content is governed by the Phase-107 falsification + H26. No rerun can cure the basis; the cohort assessment carries the status change.",
PHASE-73,phase,rts/phase63_filtered_decipherment_table.json` - `reports/phase64_morphological_boundary.json` - `reports/phase65_crosswalk_top100.json` - `reports/pha,null| - **Dravidian lift: 23.4% vs Sanskrit lift: 12.6% → ratio 1.85x DRAVIDIAN_PREFERRED** - Resolves Phase-66 NEEDS CAVEAT,null| - **Dravidian lift: 23.4% vs Sanskrit lift: 12.6% → ratio 1.85x DRAVIDIAN_PREFERRED** - Resolves Phase-66 NEEDS CAVEAT,"[""Parpola""]","[""Parpola""]",unknown,none recorded in sources scanned,unknown,unknown/no CI-effect-size language in sources scanned,unknown,unknown — derivative/reuse not determined from excerpt scan,REINTERPRET-ONLY,"SA-era / pre-framework phase known only from grouped ledger summaries; no frozen design, controls record, or dedicated report is recoverable, and any SA-basis content is governed by the Phase-107 falsification + H26. No rerun can cure the basis; the cohort assessment carries the status change.",
PHASE-74,phase,"assed, 0 failed, 6 warnings** - New VERIFIED claims: Phase-67 Sanskrit falsification 1.85x, Phase-69 100% site-invariant grammar - Updated PDF: `repor","failed, 6 warnings** - New VERIFIED claims: Phase-67 Sanskrit falsification 1.85x, Phase-69 100% site-invariant grammar - Upda","failed, 6 warnings** - New VERIFIED claims: Phase-67 Sanskrit falsification 1.85x, Phase-69 100% site-invariant grammar - Upda",unknown,"[""unknown""]",unknown,none recorded in sources scanned,unknown,unknown/no CI-effect-size language in sources scanned,incomplete/gaps recorded in sources scanned,unknown — derivative/reuse not determined from excerpt scan,REINTERPRET-ONLY,"SA-era / pre-framework phase known only from grouped ledger summaries; no frozen design, controls record, or dedicated report is recoverable, and any SA-basis content is governed by the Phase-107 falsification + H26. No rerun can cure the basis; the cohort assessment carries the status change.",
PHASE-75,phase," across 10,000 shuffles - **M267 PROMOTED: UNCERTAIN -> MEDIUM (iN/in, genitive 'of')** - The long-standing UNCERTAIN anchor is now resolved - Anchors","confirmed existing anchors (kol, miin, aaL) - Key finding: Levit 2010 is independent specialist corroboration of core anchors - S","confirmed existing anchors (kol, miin, aaL) - Key finding: Levit 2010 is independent specialist corroboration of core anchors - S",unknown,"[""unknown""]",unknown,none recorded in sources scanned,unknown,unknown/no CI-effect-size language in sources scanned,unknown,unknown — derivative/reuse not determined from excerpt scan,REINTERPRET-ONLY,"SA-era / pre-framework phase known only from grouped ledger summaries; no frozen design, controls record, or dedicated report is recoverable, and any SA-basis content is governed by the Phase-107 falsification + H26. No rerun can cure the basis; the cohort assessment carries the status change.",
PHASE-76,phase,"sswalk + DEDR - 3 confirmed existing anchors (kol, miin, aaL) - Key finding: Levit 2010 is independent specialist corroboration of core anchors - Stat","confirmed existing anchors (kol, miin, aaL) - Key finding: Levit 2010 is independent specialist corroboration of core anchors - S","confirmed existing anchors (kol, miin, aaL) - Key finding: Levit 2010 is independent specialist corroboration of core anchors - S",unknown,"[""unknown""]",unknown,none recorded in sources scanned,unknown,unknown/no CI-effect-size language in sources scanned,unknown,unknown — derivative/reuse not determined from excerpt scan,REINTERPRET-ONLY,"SA-era / pre-framework phase known only from grouped ledger summaries; no frozen design, controls record, or dedicated report is recoverable, and any SA-basis content is governed by the Phase-107 falsification + H26. No rerun can cure the basis; the cohort assessment carries the status change.",
PHASE-77,phase,"l (lord/place-title), il/in (locative) - Interpretation: seals identify place-of-origin or administrative district - Place formulas most likely encode",unknown,unknown,"[""ICIT-lineage"", ""Indus corpus (unspecified lineage in excerpt)""]","[""ICIT-lineage"", ""Indus corpus (unspecified lineage in excerpt)""]",unknown,none recorded in sources scanned,pre-registered first-proposal rule (Phase-77's sole high-trust SA proposal preceded its Phase-87 DEDR-rebus promotion — flagged as contestable for the,unknown/no CI-effect-size language in sources scanned,unknown,unknown — derivative/reuse not determined from excerpt scan,REINTERPRET-ONLY,"SA-era / pre-framework phase known only from grouped ledger summaries; no frozen design, controls record, or dedicated report is recoverable, and any SA-basis content is governed by the Phase-107 falsification + H26. No rerun can cure the basis; the cohort assessment carries the status change.",
PHASE-78,phase,"ncy — the real number) - High-trust proposals: M035=po (consensus 60%, freq=19, PD-valid) - Key insight: SA ""disagreements"" with M051/M336/M062/M305 a",unknown,unknown,"[""Indus corpus (unspecified lineage in excerpt)""]","[""Indus corpus (unspecified lineage in excerpt)""]",unknown,none recorded in sources scanned,unknown,unknown/no CI-effect-size language in sources scanned,unknown,unknown — derivative/reuse not determined from excerpt scan,REINTERPRET-ONLY,"SA-era / pre-framework phase known only from grouped ledger summaries; no frozen design, controls record, or dedicated report is recoverable, and any SA-basis content is governed by the Phase-107 falsification + H26. No rerun can cure the basis; the cohort assessment carries the status change.",
PHASE-79,phase,istribution INVARIANT across all 9 sites** - Second independent confirmation of pan-Indus unified writing system - Combined with Phase-69 (grammar inv,"confirmed (HIGH/MEDIUM), 76 LOW, 234 unread signs - **Top priority sign: M293 (freq=232, 3.3% of tokens) — highest priority unkno","confirmed (HIGH/MEDIUM), 76 LOW, 234 unread signs - **Top priority sign: M293 (freq=232, 3.3% of tokens) — highest priority unkno",unknown,"[""unknown""]",unknown,none recorded in sources scanned,unknown,unknown/no CI-effect-size language in sources scanned,incomplete/gaps recorded in sources scanned,unknown — derivative/reuse not determined from excerpt scan,REINTERPRET-ONLY,"SA-era / pre-framework phase known only from grouped ledger summaries; no frozen design, controls record, or dedicated report is recoverable, and any SA-basis content is governed by the Phase-107 falsification + H26. No rerun can cure the basis; the cohort assessment carries the status change.",
PHASE-80,phase,"6 warnings** - New VERIFIED claims: Phase-67 Sanskrit falsification 1.85x, Phase-69 100% site-invariant grammar - Updated PDF: `reports/indus_foundati","Confirmed (Phase-74 grammar z=8.04, p<0.0001) - [AGENT]-M267-[TITLE] pattern: 26/400 = 6.5% vs null 1.5% ( freq=232, 3.3% of toke","Confirmed (Phase-74 grammar z=8.04, p<0.0001) - [AGENT]-M267-[TITLE] pattern: 26/400 = 6.5% vs null 1.5% ( freq=232, 3.3% of toke","[""CISI images""]","[""CISI images""]",unknown,none recorded in sources scanned,unknown,unknown/no CI-effect-size language in sources scanned,incomplete/gaps recorded in sources scanned,unknown — derivative/reuse not determined from excerpt scan,REINTERPRET-ONLY,"SA-era / pre-framework phase known only from grouped ledger summaries; no frozen design, controls record, or dedicated report is recoverable, and any SA-basis content is governed by the Phase-107 falsification + H26. No rerun can cure the basis; the cohort assessment carries the status change.",
PHASE-81,phase,"22% at start of this session)  ### Final Foundation Check (Phase-44 through Phase-80) - **45 checks passed, 0 failed, 6 warnings** - Final PDF: `repor","passed, 0 failed, 6 warnings** - Final PDF: `reports/indus_foundation_report_phase80.pdf`   ---  ## Phase-81 through Phase-87","passed, 0 failed, 6 warnings** - Final PDF: `reports/indus_foundation_report_phase80.pdf`   ---  ## Phase-81 through Phase-87","[""CISI images""]","[""CISI images""]",unknown,none recorded in sources scanned,unknown,unknown/no CI-effect-size language in sources scanned,incomplete/gaps recorded in sources scanned,unknown — derivative/reuse not determined from excerpt scan,REINTERPRET-ONLY,"SA-era / pre-framework phase known only from grouped ledger summaries; no frozen design, controls record, or dedicated report is recoverable, and any SA-basis content is governed by the Phase-107 falsification + H26. No rerun can cure the basis; the cohort assessment carries the status change.",
PHASE-82,phase,"te: ta (DEDR 3003) or vil (DEDR 5428, bow) - Evidence score 2.25 — just below 2.5 MEDIUM threshold - **M293 remains LOW confidence. Key finding: appea",unknown,unknown,"[""human coding""]","[""human coding""]",unknown,none recorded in sources scanned,unknown,unknown/no CI-effect-size language in sources scanned,unknown,unknown — derivative/reuse not determined from excerpt scan,REINTERPRET-ONLY,"SA-era / pre-framework phase known only from grouped ledger summaries; no frozen design, controls record, or dedicated report is recoverable, and any SA-basis content is governed by the Phase-107 falsification + H26. No rerun can cure the basis; the cohort assessment carries the status change.",
PHASE-83,phase,"ttlement-of-lord-title-of-settlement""   - BN-0024: an-kol-ay-iN-il-am-am-ūr = ""lord-of-in-at-collective-settlement"" - Formula structure fully readable","passed, 0 failed, 6 warnings** - Final PDF: `reports/indus_foundat","passed, 0 failed, 6 warnings** - Final PDF: `reports/indus_foundat","[""Indus corpus (unspecified lineage in excerpt)""]","[""Indus corpus (unspecified lineage in excerpt)""]",unknown,none recorded in sources scanned,unknown,unknown/no CI-effect-size language in sources scanned,incomplete/gaps recorded in sources scanned,unknown — derivative/reuse not determined from excerpt scan,REINTERPRET-ONLY,"SA-era / pre-framework phase known only from grouped ledger summaries; no frozen design, controls record, or dedicated report is recoverable, and any SA-basis content is governed by the Phase-107 falsification + H26. No rerun can cure the basis; the cohort assessment carries the status change.",
PHASE-84,phase,"to MEDIUM - M044=ku (DEDR 1715, inside/hollow — jar with mark): PROMOTED to MEDIUM - M220=al remains LOW (abstract form, insufficient evidence) - **An",unknown,unknown,unknown,"[""unknown""]",unknown,none recorded in sources scanned,unknown,unknown/no CI-effect-size language in sources scanned,unknown,unknown — derivative/reuse not determined from excerpt scan,REINTERPRET-ONLY,"SA-era / pre-framework phase known only from grouped ledger summaries; no frozen design, controls record, or dedicated report is recoverable, and any SA-basis content is governed by the Phase-107 falsification + H26. No rerun can cure the basis; the cohort assessment carries the status change.",
PHASE-85,phase,formula type** - TITLE_FORMULA_SIMPLE: 472 seals (28.3%) - SUFFIX_ONLY: 415 seals (24.9%) - OWNERSHIP_FORMULA: 236 seals (14.1%) - PLACE_FORMULA: 183 ,unknown,unknown,"[""CISI images"", ""Indus corpus (unspecified lineage in excerpt)"", ""Parpola""]","[""CISI images"", ""Indus corpus (unspecified lineage in excerpt)"", ""Parpola""]",unknown,none recorded in sources scanned,unknown,unknown/no CI-effect-size language in sources scanned,unknown,unknown — derivative/reuse not determined from excerpt scan,REINTERPRET-ONLY,"SA-era / pre-framework phase known only from grouped ledger summaries; no frozen design, controls record, or dedicated report is recoverable, and any SA-basis content is governed by the Phase-107 falsification + H26. No rerun can cure the basis; the cohort assessment carries the status change.",
PHASE-86,phase," P→M crosswalk coverage: 38 entries) - Key finding: CISI uses P-numbers (P121, P202…) requiring deeper crosswalk to map - Note: Limited crosswalk cove",unknown,unknown,"[""CISI images""]","[""CISI images""]",unknown,none recorded in sources scanned,unknown,unknown/no CI-effect-size language in sources scanned,unknown,unknown — derivative/reuse not determined from excerpt scan,REINTERPRET-ONLY,"SA-era / pre-framework phase known only from grouped ledger summaries; no frozen design, controls record, or dedicated report is recoverable, and any SA-basis content is governed by the Phase-107 falsification + H26. No rerun can cure the basis; the cohort assessment carries the status change.",
PHASE-87,phase,"his session)  ### Final Foundation Check (Phase-44 through Phase-80) - **45 checks passed, 0 failed, 6 warnings** - Final PDF: `reports/indus_foundati","passed, 0 failed, 6 warnings** - Final PDF: `reports/indus_foundation_report_phase80.pdf`   ---  ## Phase-81 through Phase-87","passed, 0 failed, 6 warnings** - Final PDF: `reports/indus_foundation_report_phase80.pdf`   ---  ## Phase-81 through Phase-87","[""CISI images"", ""Indus corpus (unspecified lineage in excerpt)""]","[""CISI images"", ""Indus corpus (unspecified lineage in excerpt)""]",unknown,none recorded in sources scanned,unknown,unknown/no CI-effect-size language in sources scanned,incomplete/gaps recorded in sources scanned,unknown — derivative/reuse not determined from excerpt scan,REINTERPRET-ONLY,"SA-era / pre-framework phase known only from grouped ledger summaries; no frozen design, controls record, or dedicated report is recoverable, and any SA-basis content is governed by the Phase-107 falsification + H26. No rerun can cure the basis; the cohort assessment carries the status change.",
PHASE-88,phase,"als - Phonological coverage: 51.6% of Proto-Dravidian inventory  ### Foundation Check - **45 checks passed, 0 failed, 6 warnings** - Final PDF: `repor","passed, 0 failed, 6 warnings** - Final PDF: `reports/indus_foundation_report_phase87.pdf`   ---  ## Phase-88 through Phase-90","passed, 0 failed, 6 warnings** - Final PDF: `reports/indus_foundation_report_phase87.pdf`   ---  ## Phase-88 through Phase-90","[""Mahadevan"", ""Parpola""]","[""Mahadevan"", ""Parpola""]",unknown,none recorded in sources scanned,unknown,unknown/no CI-effect-size language in sources scanned,unknown,unknown — derivative/reuse not determined from excerpt scan,REINTERPRET-ONLY,"SA-era / pre-framework phase known only from grouped ledger summaries; no frozen design, controls record, or dedicated report is recoverable, and any SA-basis content is governed by the Phase-107 falsification + H26. No rerun can cure the basis; the cohort assessment carries the status change.",
PHASE-89,phase,"Based  - **Step 1 (staging cohort, 116):** (a) KEEP 1 (M222, Parpola   crosswalk support); (b) RESTORE 112 — 109 `kur`/LOW Phase-111   allograph prior",pass over all 390 signs vs Parpola 1994 Appendix B iconographic table - 15 signs with corpus occurrence analyzed; 4 promoted,pass over all 390 signs vs Parpola 1994 Appendix B iconographic table - 15 signs with corpus occurrence analyzed; 4 promoted,"[""Indus corpus (unspecified lineage in excerpt)"", ""Parpola""]","[""Indus corpus (unspecified lineage in excerpt)"", ""Parpola""]",unknown,none recorded in sources scanned,pre-registered in a spec addendum before apply   (exact reading identity; SA-origin priors not restorable). - **Step 2:** 44 SA-lineage HIGH anchors f,unknown/no CI-effect-size language in sources scanned,unknown,unknown — derivative/reuse not determined from excerpt scan,REINTERPRET-ONLY,"SA-era / pre-framework phase known only from grouped ledger summaries; no frozen design, controls record, or dedicated report is recoverable, and any SA-basis content is governed by the Phase-107 falsification + H26. No rerun can cure the basis; the cohort assessment carries the status change.",
PHASE-90,phase,"l coverage: 51.6% of Proto-Dravidian inventory  ### Foundation Check - **45 checks passed, 0 failed, 6 warnings** - Final PDF: `reports/indus_foundati","passed, 0 failed, 6 warnings** - Final PDF: `reports/indus_foundation_report_phase87.pdf`   ---  ## Phase-88 through Phase-90","passed, 0 failed, 6 warnings** - Final PDF: `reports/indus_foundation_report_phase87.pdf`   ---  ## Phase-88 through Phase-90","[""Mahadevan"", ""Parpola""]","[""Mahadevan"", ""Parpola""]",unknown,none recorded in sources scanned,unknown,unknown/no CI-effect-size language in sources scanned,incomplete/gaps recorded in sources scanned,unknown — derivative/reuse not determined from excerpt scan,REINTERPRET-ONLY,"SA-era / pre-framework phase known only from grouped ledger summaries; no frozen design, controls record, or dedicated report is recoverable, and any SA-basis content is governed by the Phase-107 falsification + H26. No rerun can cure the basis; the cohort assessment carries the status change.",
PHASE-91,phase,d to extract sign proposals from: - Parpola (1994) appendix tables - Mahadevan (1977) concordance - Levit (2010) Meluhha etymologies - Other specialis,unknown,unknown,"[""Mahadevan"", ""Parpola""]","[""Mahadevan"", ""Parpola""]",unknown,none recorded in sources scanned,unknown,unknown/no CI-effect-size language in sources scanned,unknown,unknown — derivative/reuse not determined from excerpt scan,REINTERPRET-ONLY,"SA-era / pre-framework phase known only from grouped ledger summaries; no frozen design, controls record, or dedicated report is recoverable, and any SA-basis content is governed by the Phase-107 falsification + H26. No rerun can cure the basis; the cohort assessment carries the status change.",
PHASE-92,phase,Phase 92,unknown — no artifact located in scope,"unknown — no artifact in scoped locations (backend/reports, reports/, LEDGER.md, glossa-indus/LEDGER.md)",unknown,"[""unknown""]",unknown,none recorded in sources scanned,unknown,unknown/no CI-effect-size language in sources scanned,unknown,no artifact located,NOT-RERUNNABLE,"No artifact in any scoped location (record exists only outside the audited locations, in outputs/); the original experiment definition is not recoverable from the record. Preserve + label; evidentiary ceiling stated in the assessment.",
PHASE-93,phase,Phase 93,unknown — no artifact located in scope,"unknown — no artifact in scoped locations (backend/reports, reports/, LEDGER.md, glossa-indus/LEDGER.md)",unknown,"[""unknown""]",unknown,none recorded in sources scanned,unknown,unknown/no CI-effect-size language in sources scanned,unknown,no artifact located,NOT-RERUNNABLE,"No artifact in any scoped location (record exists only outside the audited locations, in outputs/); the original experiment definition is not recoverable from the record. Preserve + label; evidentiary ceiling stated in the assessment.",
PHASE-94,phase,Phase 94,unknown — no artifact located in scope,"unknown — no artifact in scoped locations (backend/reports, reports/, LEDGER.md, glossa-indus/LEDGER.md)",unknown,"[""unknown""]",unknown,none recorded in sources scanned,unknown,unknown/no CI-effect-size language in sources scanned,unknown,no artifact located,NOT-RERUNNABLE,"No artifact in any scoped location (record exists only outside the audited locations, in outputs/); the original experiment definition is not recoverable from the record. Preserve + label; evidentiary ceiling stated in the assessment.",
PHASE-95,phase,Phase 95,unknown — no artifact located in scope,"unknown — no artifact in scoped locations (backend/reports, reports/, LEDGER.md, glossa-indus/LEDGER.md)",unknown,"[""unknown""]",unknown,none recorded in sources scanned,unknown,unknown/no CI-effect-size language in sources scanned,unknown,no artifact located,NOT-RERUNNABLE,"No artifact in any scoped location (record exists only outside the audited locations, in outputs/); the original experiment definition is not recoverable from the record. Preserve + label; evidentiary ceiling stated in the assessment.",
PHASE-96,phase,"n_parpola_crosswalk_candidates.json`: 216 identity-inference-only pairs (number identity is an inference, not evidence) + 4 conflicted (M101→P101 atte",unknown,unknown,"[""Holdat"", ""Indus corpus (unspecified lineage in excerpt)"", ""Parpola""]","[""Holdat"", ""Indus corpus (unspecified lineage in excerpt)"", ""Parpola""]",unknown,none recorded in sources scanned,unknown,unknown/no CI-effect-size language in sources scanned,unknown,unknown — derivative/reuse not determined from excerpt scan,REINTERPRET-ONLY,"SA-era / pre-framework phase known only from grouped ledger summaries; no frozen design, controls record, or dedicated report is recoverable, and any SA-basis content is governed by the Phase-107 falsification + H26. No rerun can cure the basis; the cohort assessment carries the status change.",
PHASE-97,phase,Phase 97,unknown — no artifact located in scope,"unknown — no artifact in scoped locations (backend/reports, reports/, LEDGER.md, glossa-indus/LEDGER.md)",unknown,"[""unknown""]",unknown,none recorded in sources scanned,unknown,unknown/no CI-effect-size language in sources scanned,unknown,no artifact located,NOT-RERUNNABLE,"No artifact in any scoped location (record exists only outside the audited locations, in outputs/); the original experiment definition is not recoverable from the record. Preserve + label; evidentiary ceiling stated in the assessment.",
PHASE-98,phase,Phase 98,unknown — no artifact located in scope,"unknown — no artifact in scoped locations (backend/reports, reports/, LEDGER.md, glossa-indus/LEDGER.md)",unknown,"[""unknown""]",unknown,none recorded in sources scanned,unknown,unknown/no CI-effect-size language in sources scanned,unknown,no artifact located,NOT-RERUNNABLE,"No artifact in any scoped location (record exists only outside the audited locations, in outputs/); the original experiment definition is not recoverable from the record. Preserve + label; evidentiary ceiling stated in the assessment.",
PHASE-99,phase,Phase 99,unknown — no artifact located in scope,"unknown — no artifact in scoped locations (backend/reports, reports/, LEDGER.md, glossa-indus/LEDGER.md)",unknown,"[""unknown""]",unknown,none recorded in sources scanned,unknown,unknown/no CI-effect-size language in sources scanned,unknown,no artifact located,NOT-RERUNNABLE,"No artifact in any scoped location (record exists only outside the audited locations, in outputs/); the original experiment definition is not recoverable from the record. Preserve + label; evidentiary ceiling stated in the assessment.",
PHASE-100,phase,Phase 100,unknown — no artifact located in scope,"unknown — no artifact in scoped locations (backend/reports, reports/, LEDGER.md, glossa-indus/LEDGER.md)",unknown,"[""unknown""]",unknown,none recorded in sources scanned,unknown,unknown/no CI-effect-size language in sources scanned,unknown,no artifact located,NOT-RERUNNABLE,"No artifact in any scoped location (record exists only outside the audited locations, in outputs/); the original experiment definition is not recoverable from the record. Preserve + label; evidentiary ceiling stated in the assessment.",
PHASE-101,phase,   `glossa-indus/reports/phase104_claims_evaluation.json`. - **Phase-105 (name-sign adjudication):** the unrun draft   `phase105_name_signs.py` (pre-w,"passed, 0 failed, 6 warnings** - Total anchors in INDUS_FINAL_ANCHORS.json: 177 (37 HIGH + 81 MEDIUM + 59 LOW)   ---  ## Phase","passed, 0 failed, 6 warnings** - Total anchors in INDUS_FINAL_ANCHORS.json: 177 (37 HIGH + 81 MEDIUM + 59 LOW)   ---  ## Phase","[""Holdat"", ""Indus corpus (unspecified lineage in excerpt)""]","[""Holdat"", ""Indus corpus (unspecified lineage in excerpt)""]",unknown,none recorded in sources scanned,unknown,unknown/no CI-effect-size language in sources scanned,unknown,unknown — derivative/reuse not determined from excerpt scan,REINTERPRET-ONLY,"SA-era / pre-framework phase known only from grouped ledger summaries; no frozen design, controls record, or dedicated report is recoverable, and any SA-basis content is governed by the Phase-107 falsification + H26. No rerun can cure the basis; the cohort assessment carries the status change.",
PHASE-102,phase,"me-component (100% INITIAL profile; Holdat roles: CLASSIFIER_PREFIX)   and flagged for future adjudication. No anchor promoted, demoted, or   modified","BLOCKED** — no Mistral key   configured, `pypdfium2` absent, and `im77intro.pdf` not in this   checkout. Recorded, not fabricat","BLOCKED** — no Mistral key   configured, `pypdfium2` absent, and `im77intro.pdf` not in this   checkout. Recorded, not fabricat","[""Holdat"", ""Indus corpus (unspecified lineage in excerpt)"", ""M77/Mahadevan corpus"", ""Mahadevan""]","[""Holdat"", ""Indus corpus (unspecified lineage in excerpt)"", ""M77/Mahadevan corpus"", ""Mahadevan""]",unknown,none recorded in sources scanned,unknown,unknown/no CI-effect-size language in sources scanned,unknown,unknown — derivative/reuse not determined from excerpt scan,REINTERPRET-ONLY,"SA-era / pre-framework phase known only from grouped ledger summaries; no frozen design, controls record, or dedicated report is recoverable, and any SA-basis content is governed by the Phase-107 falsification + H26. No rerun can cure the basis; the cohort assessment carries the status change.",
PHASE-103,phase,"t is publication-ready**  ### Foundation Check - **45 checks passed, 0 failed, 6 warnings** - Total anchors in INDUS_FINAL_ANCHORS.json: 177 (37 HIGH ","passed, 0 failed, 6 warnings** - Total anchors in INDUS_FINAL_ANCHORS.json: 177 (37 HIGH + 81 MEDIUM + 59 LOW)   ---  ## Phase","passed, 0 failed, 6 warnings** - Total anchors in INDUS_FINAL_ANCHORS.json: 177 (37 HIGH + 81 MEDIUM + 59 LOW)   ---  ## Phase","[""Holdat"", ""Indus corpus (unspecified lineage in excerpt)"", ""M77/Mahadevan corpus""]","[""Holdat"", ""Indus corpus (unspecified lineage in excerpt)"", ""M77/Mahadevan corpus""]",unknown,none recorded in sources scanned,unknown,unknown/no CI-effect-size language in sources scanned,unknown,unknown — derivative/reuse not determined from excerpt scan,REINTERPRET-ONLY,"SA-era / pre-framework phase known only from grouped ledger summaries; no frozen design, controls record, or dedicated report is recoverable, and any SA-basis content is governed by the Phase-107 falsification + H26. No rerun can cure the basis; the cohort assessment carries the status change.",
PHASE-104,phase,"ed by an AI agent (Muse Spark, via Muse) at the direction of Tristen Pierson, per constitution §VI.  ---  ## 2026-10-05 — Indus program continuation (",unknown,unknown,"[""Wells""]","[""Wells""]",unknown,none recorded in sources scanned,unknown,unknown/no CI-effect-size language in sources scanned,incomplete/gaps recorded in sources scanned,unknown — derivative/reuse not determined from excerpt scan,REINTERPRET-ONLY,"SA-era / pre-framework phase known only from grouped ledger summaries; no frozen design, controls record, or dedicated report is recoverable, and any SA-basis content is governed by the Phase-107 falsification + H26. No rerun can cure the basis; the cohort assessment carries the status change.",
PHASE-105,phase,"t from the repo; unstated   sign numbering; or extraction fragments with no falsification   condition). Detail: `glossa-indus/LEDGER.md`,   `glossa-in",unknown,unknown,"[""Holdat"", ""Indus corpus (unspecified lineage in excerpt)""]","[""Holdat"", ""Indus corpus (unspecified lineage in excerpt)""]",unknown,none recorded in sources scanned,unknown,unknown/no CI-effect-size language in sources scanned,unknown,unknown — derivative/reuse not determined from excerpt scan,REINTERPRET-ONLY,"Name-sign tests: small-n, labels inconclusive/challenged on their own record; no rerun cures the power basis.",
PHASE-106,phase,"e direction of Tristen Pierson, per constitution §VI.  ## [2026-10-05] Entry — Spec 004: Indus Executable Package (WS1–WS4)  Branch `feat/indus-execut",passed / 9 skipped / 0 failed;   foundation check 40 passed / 0 failed / 8 warnings. Detail entries:   `glossa-indus/LEDGER.md,passed / 9 skipped / 0 failed;   foundation check 40 passed / 0 failed / 8 warnings. Detail entries:   `glossa-indus/LEDGER.md,unknown,"[""unknown""]",unknown,none recorded in sources scanned,"Pre-Registered  Br 176 NAME_AY_AN formula, so M024 may head a name formula   rather than sit medially in one — but under the Phase-101 standard its",unknown/no CI-effect-size language in sources scanned,unknown,unknown — derivative/reuse not determined from excerpt scan,UNAFFECTED,"Release-integrity / audit workstream phase; deterministic checks on record, no statistical verdict.",
PHASE-107,phase,"indus/LEDGER.md` (Phase-106 + WS2–WS4 sections).  **AI disclosure:** executed by an AI agent (Muse Spark, via Muse) at the direction of Tristen Pierso","passed / 9 skipped / 0   failed** (baseline 564/9; +10 new `test_sa_validation.py` tests,   +2 net suite growth); foundation c","passed / 9 skipped / 0   failed** (baseline 564/9; +10 new `test_sa_validation.py` tests,   +2 net suite growth); foundation c","[""Holdat"", ""Indus corpus (unspecified lineage in excerpt)""]","[""Holdat"", ""Indus corpus (unspecified lineage in excerpt)""]",control(s) mentioned; type unclear from excerpt,none recorded in sources scanned,"Pre-Registered  Branch `feat/phase52-v2` (PR opened, not merged — owner reviews scientific results). Full per-step entries: `glossa-indus/LEDGER.md` (",unknown/no CI-effect-size language in sources scanned,unknown,unknown — derivative/reuse not determined from excerpt scan,UNAFFECTED,"Framework exemplar: strengthened SA run with held-out recovery 0.000 and discriminating negative controls (Sanskrit, scrambled) statistically identical to the target condition. Falsification stands as recorded.",
PHASE-108,phase,Phase-108 Anchor Provenance Audit — Summary,Pass 1 misclassified the staging cohort as DEDR-explicit; the Step-2 spot audit (12 sampled) caught it and all 116 were re-d,Pass 1 misclassified the staging cohort as DEDR-explicit; the Step-2 spot audit (12 sampled) caught it and all 116 were re-d,"[""CISI images"", ""ICIT-lineage"", ""Indus corpus (unspecified lineage in excerpt)""]","[""CISI images"", ""ICIT-lineage"", ""Indus corpus (unspecified lineage in excerpt)""]",unknown,none recorded in sources scanned,pre-registered):,unknown/no CI-effect-size language in sources scanned,incomplete/gaps recorded in sources scanned,unknown — derivative/reuse not determined from excerpt scan,UNAFFECTED,Anchor provenance audit; deterministic record work.,
PHASE-109,phase," the direction of Tristen Pierson, per constitution §VI.  Phase-108 PR: https://github.com/BitConcepts/glossa-lab/pull/61 (opened 2026-10-06, NOT merg",unknown,unknown,"[""CISI images"", ""Parpola""]","[""CISI images"", ""Parpola""]",unknown,none recorded in sources scanned,pre-registered in `specs/007-phase109-follow-through/`. Cohort: the 116 anchors whose Phase-108 register records carry a `research_loop_heuristic` com,unknown/no CI-effect-size language in sources scanned,unknown,unknown — derivative/reuse not determined from excerpt scan,UNAFFECTED,"Remediation under the H26 non-SA evidence gate (KEEP 1 / RESTORE 112 / DEMOTE 3); adjudication, not a test.",
PHASE-110,phase,"Phase-110 — M222 / 'kur' Adjudication: Dossier Summary (spec 008, Part A)","**Contradiction: real** (predicates P1–P4 all true — see dossier). The 109 values are **pure premise inheritance**: their recorded bases cite M222='kur', a premise M222's own sourced record contradicts. **Branch 1 applies, with demotion**: Cohort A (109) is annotated `premise_superseded` and demoted","**Contradiction: real** (predicates P1–P4 all true — see dossier). The 109 values are **pure premise inheritance**: their recorded bases cite M222='kur', a premise M222's own sourced record contradicts. **Branch 1 applies, with demotion**: Cohort A (109) is annotated `premise_superseded` and demoted","[""Holdat"", ""Indus corpus (unspecified lineage in excerpt)"", ""Parpola""]","[""Holdat"", ""Indus corpus (unspecified lineage in excerpt)"", ""Parpola""]",unknown,none recorded in sources scanned,Pre-Registration Frozen  - **Design source:** deep-research report   `~/wor a draft v5 row). Foundation check: 40 passed / 0 failed / 8 warnings.  **A,unknown/no CI-effect-size language in sources scanned,unknown,unknown — derivative/reuse not determined from excerpt scan,UNAFFECTED,M222 dossier adjudication; premise superseded on non-SA evidence.,
PHASE-111,phase,Phase-111 — Blind Language-Affiliation Study: Results Summary,INVALID RUN — CONTROL VALIDITY FAILED`,INVALID RUN — CONTROL VALIDITY FAILED (spec 009 §9 V6),"[""CISI images"", ""Holdat"", ""ICIT-lineage"", ""Indus corpus (unspecified lineage in excerpt)"", ""M77/Mahadevan corpus"", ""Mahadevan"", ""Parpola"", ""Wells""]","[""CISI images"", ""Holdat"", ""ICIT-lineage"", ""Indus corpus (unspecified lineage in excerpt)"", ""M77/Mahadevan corpus"", ""Mahadevan"", ""Parpola"", ""Wells""]",control(s) mentioned; type unclear from excerpt,none recorded in sources scanned,"frozen 2026-10-06, commit",yes — CI/effect-size reported,incomplete/gaps recorded in sources scanned,unknown — derivative/reuse not determined from excerpt scan,REINTERPRET-ONLY,INVALID RUN — CONTROL VALIDITY FAILED (own record). Tie-break 1.,
PHASE-112,phase,"Phase-112 — Blind Language-Affiliation Study, Order-Carrying Features: Results Summary",INVALID RUN — CONTROL VALIDITY FAILED`**,INVALID RUN — CONTROL VALIDITY FAILED (spec 010),"[""Holdat"", ""ICIT-lineage"", ""Indus corpus (unspecified lineage in excerpt)""]","[""Holdat"", ""ICIT-lineage"", ""Indus corpus (unspecified lineage in excerpt)""]",control(s) mentioned; type unclear from excerpt,control/calibration failure language present in sources — see source_files/ledger,frozen in commit 9410a23d after design-stage tooling commits,yes — CI/effect-size reported,incomplete/gaps recorded in sources scanned,unknown — derivative/reuse not determined from excerpt scan,REINTERPRET-ONLY,INVALID RUN — CONTROL VALIDITY FAILED (own record). Tie-break 1.,
PHASE-113,phase,"Phase-113 — Blind Language-Affiliation Study, Adversarial Protocol: Summary","> **INVALID RUN — CONTROL VALIDITY FAILED** (fired at round 1, > adversarial control A1) This is a verdict about the method's validation at ladder step L1, not about the Indus script. The frozen protocol (spec 012 §8.2) stops the study the moment an optimized adversarial generator defeats a frozen r","> **INVALID RUN — CONTROL VALIDITY FAILED** (fired at round 1, > adversarial control A1) This is a verdict about the method's validation at ladder step L1, not about the Indus script. The frozen protocol (spec 012 §8.2) stops the study the moment an optimized adversarial generator defeats a frozen r","[""CISI images"", ""Holdat"", ""ICIT-lineage"", ""Indus corpus (unspecified lineage in excerpt)""]","[""CISI images"", ""Holdat"", ""ICIT-lineage"", ""Indus corpus (unspecified lineage in excerpt)""]",both positive and negative controls recorded,control/calibration failure language present in sources — see source_files/ledger,"frozen 2026-10-07, freeze commit",yes — CI/effect-size reported,unknown,unknown — derivative/reuse not determined from excerpt scan,REINTERPRET-ONLY,Two studies share this number: the Spec 011 non-SA44 battery (rejected at calibration -> INCONCLUSIVE) and the Spec 012 blind-affiliation run (INVALID). Neither is rerunnable on its original basis.,
PHASE-114,phase,Phase-114 — no standalone report; spec 012 execution renumbered (phase114_run.py) with artifacts retained as phase113_*,"failed 43 — 40 on modal-position-class   disagreement, median TV 0.789474. Why do Holdat's and the ICIT   converted layer's po",No standalone Phase-114 report in scoped locations; execution artifacts filed as phase113_blind_affiliation_* (INVALID),"[""Holdat"", ""ICIT-lineage"", ""Indus corpus (unspecified lineage in excerpt)""]","[""Holdat"", ""ICIT-lineage"", ""Indus corpus (unspecified lineage in excerpt)""]",unknown,none recorded in sources scanned,"freeze and outcome, both 2026-10-07). The original entries stand as written when made; nothing in them is altered. No re-run was performed and no",unknown/no CI-effect-size language in sources scanned,unknown,unknown — derivative/reuse not determined from excerpt scan,REINTERPRET-ONLY,Blind affiliation round: the grammar-free generator won 100% of draws — a non-discriminating instrument by the run's own record; INVALID. No standalone report in scoped locations (record defect noted in the assessment).,
PHASE-115,phase,Phase-115 — Non-SA Validation Battery v2 for the 44 SA-Lineage Anchors,"**BATTERY REJECTED at calibration.** The frozen gates of spec 014 section 5 were not both met, so FLAGGED44 was never run and the anchors file was not modified. The battery may not be re-tuned under this spec. ## Calibration (executed before the 44; reported whatever it showed) | Set | n | VALIDATED","**BATTERY REJECTED at calibration.** The frozen gates of spec 014 section 5 were not both met, so FLAGGED44 was never run and the anchors file was not modified. The battery may not be re-tuned under this spec. ## Calibration (executed before the 44; reported whatever it showed) | Set | n | VALIDATED","[""CISI images"", ""Holdat"", ""ICIT-lineage"", ""Indus corpus (unspecified lineage in excerpt)""]","[""CISI images"", ""Holdat"", ""ICIT-lineage"", ""Indus corpus (unspecified lineage in excerpt)""]",negative control(s) recorded,control/calibration failure language present in sources — see source_files/ledger,frozen before any results) · **Date:** 2026-10-07 · **GPU device:** cpu (torch absent),unknown/no CI-effect-size language in sources scanned,unknown,unknown — derivative/reuse not determined from excerpt scan,REINTERPRET-ONLY,BATTERY REJECTED at calibration (frozen gates). No valid confirmation test completed; framework reading INCONCLUSIVE.,
PHASE-116,phase,Phase-116 — Corpus-Harmonization Study: Why Holdat and ICIT Positional Profiles Disagree,| Hypothesis | Verdict | Headline numbers | |---|---|---| | H-COMPOSITION | **UNRESOLVED** | restricted: A 1.0 / TV 0.0 on 3 paired signs vs full-layer A 0.6667 / TV 0.33 (powered: False) | | H-SEGMENTATION | **UNRESOLVED** | S1 sentinel-strip: FAIL 43 → 45 (REFUTED); S2 artifact-units: TV 0.1042 vs,| Hypothesis | Verdict | Headline numbers | |---|---|---| | H-COMPOSITION | **UNRESOLVED** | restricted: A 1.0 / TV 0.0 on 3 paired signs vs full-layer A 0.6667 / TV 0.33 (powered: False) | | H-SEGMENTATION | **UNRESOLVED** | S1 sentinel-strip: FAIL 43 → 45 (REFUTED); S2 artifact-units: TV 0.1042 vs,"[""Holdat"", ""ICIT-lineage"", ""Indus corpus (unspecified lineage in excerpt)""]","[""Holdat"", ""ICIT-lineage"", ""Indus corpus (unspecified lineage in excerpt)""]",unknown,none recorded in sources scanned,frozen before any results) · **Date:** 2026-10-07 · **GPU device:** cpu (torch absent),unknown/no CI-effect-size language in sources scanned,unknown,unknown — derivative/reuse not determined from excerpt scan,REPRODUCE-ONLY,"Refutations rest on recorded effect estimates (median W1, rho, identical-text pairs) from recorded datasets; deterministic recomputation suffices; spot replay in Phase-145.",
PHASE-117,phase,Phase-117 — Within-Compilation Validation Battery for the 44 SA-Lineage Anchors,"**BATTERY REJECTED at calibration.** The frozen gates of spec 016 section 6 were not both met, so FLAGGED44 was never run and the anchors file was not modified. The battery may not be re-tuned under this spec. ## Calibration (executed before the 44; reported whatever it showed) | Set | n | VALIDATED","**BATTERY REJECTED at calibration.** The frozen gates of spec 016 section 6 were not both met, so FLAGGED44 was never run and the anchors file was not modified. The battery may not be re-tuned under this spec. ## Calibration (executed before the 44; reported whatever it showed) | Set | n | VALIDATED","[""CISI images"", ""Holdat"", ""ICIT-lineage"", ""Indus corpus (unspecified lineage in excerpt)""]","[""CISI images"", ""Holdat"", ""ICIT-lineage"", ""Indus corpus (unspecified lineage in excerpt)""]",negative control(s) recorded,control/calibration failure language present in sources — see source_files/ledger,frozen before any results) · **Date:** 2026-10-07 · **GPU device:** cpu (torch absent),unknown/no CI-effect-size language in sources scanned,unknown,unknown — derivative/reuse not determined from excerpt scan,REINTERPRET-ONLY,BATTERY REJECTED at calibration. Framework reading INCONCLUSIVE.,
PHASE-118,phase,Phase-118 — Within-Compilation Validation Battery v2 for the 44 SA-Lineage Anchors,"**BATTERY REJECTED at calibration.** The frozen gates of spec 017 section 6 were not both met, so FLAGGED44 was never run and the anchors file was not modified. The battery may not be re-tuned under this spec. ## Calibration (executed before the 44; reported whatever it showed) phi per direction (10","**BATTERY REJECTED at calibration.** The frozen gates of spec 017 section 6 were not both met, so FLAGGED44 was never run and the anchors file was not modified. The battery may not be re-tuned under this spec. ## Calibration (executed before the 44; reported whatever it showed) phi per direction (10","[""CISI images"", ""Holdat"", ""ICIT-lineage"", ""Indus corpus (unspecified lineage in excerpt)""]","[""CISI images"", ""Holdat"", ""ICIT-lineage"", ""Indus corpus (unspecified lineage in excerpt)""]",negative control(s) recorded,control/calibration failure language present in sources — see source_files/ledger,frozen before any results) · **Date:** 2026-10-07 · **GPU device:** cpu (torch absent),unknown/no CI-effect-size language in sources scanned,unknown,unknown — derivative/reuse not determined from excerpt scan,REINTERPRET-ONLY,"BATTERY REJECTED at calibration (14/67 positives vs the frozen >=0.5 gate). Framework reading INCONCLUSIVE; the spec's coarse-fabric limit stands as the recorded explanation, not as a claim contradiction.",
PHASE-119,phase,Phase-119 — PRED-2026 Readiness Harness: Summary,"CONFIRMED / 0.40 REFUTED), gate refusals,","CONFIRMED / 0.40 REFUTED), gate refusals,","[""ICIT-lineage"", ""Indus corpus (unspecified lineage in excerpt)"", ""PRED2026"", ""mayig/Mahadevan-lineage""]","[""ICIT-lineage"", ""Indus corpus (unspecified lineage in excerpt)"", ""PRED2026"", ""mayig/Mahadevan-lineage""]",unknown,none recorded in sources scanned,frozen in its,unknown/no CI-effect-size language in sources scanned,incomplete/gaps recorded in sources scanned,unknown — derivative/reuse not determined from excerpt scan,REPRODUCE-ONLY,PRED readiness harness; tie-break 3 caps at reproduce. Deterministic refusal behavior is the result.,
PHASE-120,phase,Phase-120 — Bhaskar (2024) triage of the 44 pending anchors,Null simulation for sign 98 as a neutral marker |,Null simulation for sign 98 as a neutral marker |,"[""AI-assisted coding"", ""Bhaskar"", ""CISI images"", ""Holdat"", ""ICIT-lineage"", ""Indus corpus (unspecified lineage in excerpt)"", ""M77/Mahadevan corpus"", ""Mahadevan"", ""Parpola"", ""Wells""]","[""AI-assisted coding"", ""Bhaskar"", ""CISI images"", ""Holdat"", ""ICIT-lineage"", ""Indus corpus (unspecified lineage in excerpt)"", ""M77/Mahadevan corpus"", ""Mahadevan"", ""Parpola"", ""Wells""]",unknown,none recorded in sources scanned,unknown,unknown/no CI-effect-size language in sources scanned,incomplete/gaps recorded in sources scanned,unknown — derivative/reuse not determined from excerpt scan,UNAFFECTED,"Descriptive triage of the 44 pending anchors against Bhaskar (2024), with a recorded null simulation for one sign; no verdict.",
PHASE-121,phase,Phase-121 — Soviet Positional Dataset: Extraction Memo,passed (`backend/tests/test_phase121_soviet_positional.py`).,passed (`backend/tests/test_phase121_soviet_positional.py`).,"[""AI-assisted coding"", ""Bhaskar"", ""CISI images"", ""ICIT-lineage"", ""Indus corpus (unspecified lineage in excerpt)"", ""Mahadevan"", ""Parpola"", ""Soviet positional tables"", ""human coding"", ""mayig/Mahadevan-lineage""]","[""AI-assisted coding"", ""Bhaskar"", ""CISI images"", ""ICIT-lineage"", ""Indus corpus (unspecified lineage in excerpt)"", ""Mahadevan"", ""Parpola"", ""Soviet positional tables"", ""human coding"", ""mayig/Mahadevan-lineage""]",control(s) mentioned; type unclear from excerpt,none recorded in sources scanned,unknown,unknown/no CI-effect-size language in sources scanned,incomplete/gaps recorded in sources scanned,unknown — derivative/reuse not determined from excerpt scan,UNAFFECTED,Dataset extraction memo; 36/36 hand-verified at build; data observation.,
PHASE-122,phase,Phase-122 — Parpola↔Mahadevan Crosswalk v1 + mayig Corpus Integration,"failure modes: **P122** (76 tokens, ambiguous — the","failure modes: **P122** (76 tokens, ambiguous — the","[""Bhaskar"", ""CISI images"", ""Holdat"", ""ICIT-lineage"", ""Indus corpus (unspecified lineage in excerpt)"", ""Mahadevan"", ""Parpola"", ""Wells"", ""mayig/Mahadevan-lineage""]","[""Bhaskar"", ""CISI images"", ""Holdat"", ""ICIT-lineage"", ""Indus corpus (unspecified lineage in excerpt)"", ""Mahadevan"", ""Parpola"", ""Wells"", ""mayig/Mahadevan-lineage""]",unknown,none recorded in sources scanned,frozen for v1).** high = attested by BOTH,unknown/no CI-effect-size language in sources scanned,unknown,unknown — derivative/reuse not determined from excerpt scan,REPRODUCE-ONLY,Crosswalk v1 + mayig intake: pair counts are verdict-bearing downstream; deterministic rebuild from recorded sources; committed tests exist (family pattern).,
PHASE-123,phase,Phase-123 — Wells Segmentation Witness Memo,rejected:* attestation co-occurrence (MA Appendix 1,rejected:* attestation co-occurrence (MA Appendix 1,"[""CISI images"", ""Fuls"", ""ICIT-lineage"", ""Indus corpus (unspecified lineage in excerpt)"", ""Mahadevan"", ""Parpola"", ""Wells"", ""mayig/Mahadevan-lineage""]","[""CISI images"", ""Fuls"", ""ICIT-lineage"", ""Indus corpus (unspecified lineage in excerpt)"", ""Mahadevan"", ""Parpola"", ""Wells"", ""mayig/Mahadevan-lineage""]",unknown,none recorded in sources scanned,unknown,unknown/no CI-effect-size language in sources scanned,incomplete/gaps recorded in sources scanned,unknown — derivative/reuse not determined from excerpt scan,UNAFFECTED,"Wells segmentation witness memo; descriptive counts (SAME/SPLIT/MERGE) on record, no verdict.",
PHASE-124,phase,Phase-124 — CISI Image Layer (enabling asset),"rejected, never mistaken","rejected, never mistaken","[""AI-assisted coding"", ""CISI images"", ""Indus corpus (unspecified lineage in excerpt)"", ""human coding""]","[""AI-assisted coding"", ""CISI images"", ""Indus corpus (unspecified lineage in excerpt)"", ""human coding""]",unknown,none recorded in sources scanned,"frozen Phase-124 sample, gated expansion run (enabling asset)  Owner-ordered program workstream 4, 2026-10-08. Protocol frozen BEFORE any tuning a",unknown/no CI-effect-size language in sources scanned,incomplete/gaps recorded in sources scanned,unknown — derivative/reuse not determined from excerpt scan,UNAFFECTED,CISI image-layer catalogue: enabling asset with recorded sample accuracy (98.9%); counts are descriptive and provenance-sound on their record.,
PHASE-125,phase,Phase-125 — Cross-Compilation Positional Comparison (mayig/CISI vs Holdat),"**FAIL — DISAGREEMENT** (section-6.3 falsifier pattern met). Primary arm: 16 judgeable pairs of 286; median TV 0.636931 (PASS bound <= 0.35; FAIL bound >= 0.50); Spearman rho initial -0.424758, terminal 0.316034 (PASS bound >= 0.50); pairing-shuffle null (B = 999, seed 125125) p_null 0.824000 (PASS ",FAIL — DISAGREEMENT (§6.3 falsifier pattern met),"[""CISI images"", ""Holdat"", ""ICIT-lineage"", ""Mahadevan"", ""Parpola"", ""mayig/Mahadevan-lineage""]","[""CISI images"", ""Holdat"", ""ICIT-lineage"", ""Mahadevan"", ""Parpola"", ""mayig/Mahadevan-lineage""]",control(s) mentioned; type unclear from excerpt,none recorded in sources scanned,frozen before any results) · **Date:** 2026-10-08 · **GPU device:** cpu (torch absent),unknown/no CI-effect-size language in sources scanned,unknown,unknown — derivative/reuse not determined from excerpt scan,REPRODUCE-ONLY,FAIL — DISAGREEMENT under a pre-declared falsifier (Spec 019 S6.3); Phase-127 already supplied the effect interval. Replay in Phase-145; taxonomy adjudication (CONTRADICTED for the bounded agreement claim) in the assessment.,
PHASE-126,phase,Phase-126 — Wells-Split Descriptive Analysis of the 113 CANDIDATE Anchors (Design-Input Memo),"confirmed under Wells (unit-same, 62)","confirmed under Wells (unit-same, 62)","[""CISI images"", ""ICIT-lineage"", ""Indus corpus (unspecified lineage in excerpt)"", ""Mahadevan"", ""Wells""]","[""CISI images"", ""ICIT-lineage"", ""Indus corpus (unspecified lineage in excerpt)"", ""Mahadevan"", ""Wells""]",control(s) mentioned; type unclear from excerpt,none recorded in sources scanned,unknown,unknown/no CI-effect-size language in sources scanned,unknown,unknown — derivative/reuse not determined from excerpt scan,UNAFFECTED,Descriptive Wells-split analysis of the CANDIDATE cohort; no verdict.,
PHASE-127,phase,Phase-127 — Cross-Compilation Disagreement Diagnostic (spec 021),"FAIL — DISAGREEMENT, and it is FINAL.**","FAIL — DISAGREEMENT, and it is FINAL.**","[""Holdat"", ""ICIT-lineage"", ""Indus corpus (unspecified lineage in excerpt)"", ""Parpola"", ""Soviet positional tables"", ""Wells"", ""mayig/Mahadevan-lineage""]","[""Holdat"", ""ICIT-lineage"", ""Indus corpus (unspecified lineage in excerpt)"", ""Parpola"", ""Soviet positional tables"", ""Wells"", ""mayig/Mahadevan-lineage""]",control(s) mentioned; type unclear from excerpt,none recorded in sources scanned,frozen in spec 021 before any diagnostic statistic,yes — CI/effect-size reported,incomplete/gaps recorded in sources scanned,unknown — derivative/reuse not determined from excerpt scan,REPRODUCE-ONLY,Deterministic diagnostic over Phase-125 outputs (999-replicate null + bootstrap); replay in Phase-145.,
PHASE-128,phase,Phase-128 — Integrated Evidence Dossiers for the 44 Pending Anchors,FAIL — DISAGREEMENT) is final and unchanged by Phase-127 and by this phase.,FAIL — DISAGREEMENT) is final and unchanged by Phase-127 and by this phase.,"[""AI-assisted coding"", ""Bhaskar"", ""Holdat"", ""ICIT-lineage"", ""Mahadevan"", ""Parpola"", ""Soviet positional tables"", ""Wells"", ""mayig/Mahadevan-lineage""]","[""AI-assisted coding"", ""Bhaskar"", ""Holdat"", ""ICIT-lineage"", ""Mahadevan"", ""Parpola"", ""Soviet positional tables"", ""Wells"", ""mayig/Mahadevan-lineage""]",unknown,none recorded in sources scanned,unknown,yes — CI/effect-size reported,incomplete/gaps recorded in sources scanned,unknown — derivative/reuse not determined from excerpt scan,UNAFFECTED,"Evidence dossiers for the 44 pending anchors; descriptive synthesis, no verdict.",
PHASE-129,phase,Phase-129 — CISI Cropper v2 (benchmarked against the frozen v1 sample),pass box-blur,pass box-blur,"[""CISI images"", ""Indus corpus (unspecified lineage in excerpt)"", ""human coding""]","[""CISI images"", ""Indus corpus (unspecified lineage in excerpt)"", ""human coding""]",unknown,none recorded in sources scanned,frozen v1 sample),unknown/no CI-effect-size language in sources scanned,incomplete/gaps recorded in sources scanned,unknown — derivative/reuse not determined from excerpt scan,UNAFFECTED,Cropper v2 benchmark on a frozen sample; descriptive engineering result.,
PHASE-130,phase,"re_manifest.json (counts/schema only).  **AI disclosure:** execution recorded by an AI agent (Muse Spark, via Muse) at the direction of Tristen Pierso",passed; full backend suite 938 passed / 13 skipped / 0 failed (baseline 923/13/0 plus this phase's 15; corpora symlinked from,passed; full backend suite 938 passed / 13 skipped / 0 failed (baseline 923/13/0 plus this phase's 15; corpora symlinked from,"[""AI-assisted coding""]","[""AI-assisted coding""]",unknown,none recorded in sources scanned,unknown,unknown/no CI-effect-size language in sources scanned,unknown,unknown — derivative/reuse not determined from excerpt scan,UNAFFECTED,Intake pack tooling; schema/validator on record with tests.,
PHASE-131,phase,Phase-131 — Source-of-Disagreement Attribution (spec 022),"FAIL — DISAGREEMENT, and it is FINAL** (spec 019,","FAIL — DISAGREEMENT, and it is FINAL** (spec 019,","[""AI-assisted coding"", ""CISI images"", ""Holdat"", ""ICIT-lineage"", ""Indus corpus (unspecified lineage in excerpt)"", ""mayig/Mahadevan-lineage""]","[""AI-assisted coding"", ""CISI images"", ""Holdat"", ""ICIT-lineage"", ""Indus corpus (unspecified lineage in excerpt)"", ""mayig/Mahadevan-lineage""]",control(s) mentioned; type unclear from excerpt,none recorded in sources scanned,frozen in spec,unknown/no CI-effect-size language in sources scanned,unknown,unknown — derivative/reuse not determined from excerpt scan,REPRODUCE-ONLY,Attribution percentages are deterministic functions of recorded datasets (6.1% attributed / 93.9% residual); spot replay in Phase-145.,
PHASE-132,phase,"Phase-132 — Stage P Pilot Report (Spec 023, Keyed Transcription Layer)",pass / adjudication records and,"STOP-RULE FIRED — pilot stopped, no Stage T claim (spec via reports/phase132_pilot_report.md)","[""CISI images"", ""ICIT-lineage"", ""Indus corpus (unspecified lineage in excerpt)"", ""Mahadevan"", ""human coding"", ""mayig/Mahadevan-lineage""]","[""CISI images"", ""ICIT-lineage"", ""Indus corpus (unspecified lineage in excerpt)"", ""Mahadevan"", ""human coding"", ""mayig/Mahadevan-lineage""]",unknown,none recorded in sources scanned,"FROZEN 2026-10-09** (owner: Tristen Pierson — ""merge #99",unknown/no CI-effect-size language in sources scanned,incomplete/gaps recorded in sources scanned,unknown — derivative/reuse not determined from excerpt scan,RERUN-REQUIRED,Stage P pilot: verdict-bearing agreement scores (exact-sequence 0.20) computed from complete on-disk coding records. C4 rescoring under the taxonomy + bootstrap intervals + coder origin-group audit (all passes share one model origin — independence note the original report disclosed but did not propagate into the verdict).,Phase-142 (C4)
PHASE-133,phase,"Phase-133 — Stage 0 Report (Spec 024, Evidence Integration)",pass (T4) and anomalies,pass (T4) and anomalies,"[""AI-assisted coding"", ""CISI images"", ""Holdat"", ""ICIT-lineage"", ""Indus corpus (unspecified lineage in excerpt)"", ""TN graffiti"", ""horus84/ICIT-lineage"", ""human coding"", ""mayig/Mahadevan-lineage""]","[""AI-assisted coding"", ""CISI images"", ""Holdat"", ""ICIT-lineage"", ""Indus corpus (unspecified lineage in excerpt)"", ""TN graffiti"", ""horus84/ICIT-lineage"", ""human coding"", ""mayig/Mahadevan-lineage""]",control(s) mentioned; type unclear from excerpt,none recorded in sources scanned,FROZEN 2026-10-09**,unknown/no CI-effect-size language in sources scanned,incomplete/gaps recorded in sources scanned,unknown — derivative/reuse not determined from excerpt scan,REPRODUCE-ONLY,Stage 0 coverage audit: counts are deterministic from recorded layers and were verdict-bearing for the Stage 1 design; deterministic recomputation suffices.,
PHASE-134,phase,Phase-134 Pilot Report — Spec 024 Stage 1: Motif-Coding Pilot,"pass A, pass B, the","pass A, pass B, the","[""AI-assisted coding"", ""CISI images"", ""Holdat"", ""Indus corpus (unspecified lineage in excerpt)"", ""TN graffiti"", ""human coding""]","[""AI-assisted coding"", ""CISI images"", ""Holdat"", ""Indus corpus (unspecified lineage in excerpt)"", ""TN graffiti"", ""human coding""]",unknown,none recorded in sources scanned,freeze:** `specs/024-evidence-integration/stage1-freeze.md`,unknown/no CI-effect-size language in sources scanned,incomplete/gaps recorded in sources scanned,unknown — derivative/reuse not determined from excerpt scan,RERUN-REQUIRED,Motif pilot 1: agreement 0.84 / kappa 0.7885 point estimates from complete on-disk records; the middle-band call turned on one object. C4 rescoring + bootstrap intervals under the taxonomy.,Phase-142 (C4)
PHASE-135,phase,"Phase-135 Pilot Report — Spec 024 Stage 1: Motif-Coding Re-Pilot (clarified codebook, fresh sample)","pass A, pass B, the gold third","pass A, pass B, the gold third","[""AI-assisted coding"", ""CISI images"", ""Holdat"", ""TN graffiti"", ""human coding""]","[""AI-assisted coding"", ""CISI images"", ""Holdat"", ""TN graffiti"", ""human coding""]",control(s) mentioned; type unclear from excerpt,none recorded in sources scanned,freeze:**,unknown/no CI-effect-size language in sources scanned,unknown,unknown — derivative/reuse not determined from excerpt scan,RERUN-REQUIRED,Motif re-pilot: agreement 0.78 / kappa 0.7129 point estimates from complete on-disk records. C4 rescoring + bootstrap intervals under the taxonomy.,Phase-142 (C4)
PHASE-136,phase,Phases 136–138 — Spec 024 Stage 2 Combined Report,SUPPORTED** |,SUPPORTED** |,"[""AI-assisted coding"", ""CISI images"", ""Holdat"", ""ICIT-lineage"", ""Indus corpus (unspecified lineage in excerpt)"", ""TN graffiti"", ""horus84/ICIT-lineage""]","[""AI-assisted coding"", ""CISI images"", ""Holdat"", ""ICIT-lineage"", ""Indus corpus (unspecified lineage in excerpt)"", ""TN graffiti"", ""horus84/ICIT-lineage""]",control(s) mentioned; type unclear from excerpt,none recorded in sources scanned,Freezes**,yes — CI/effect-size reported,incomplete/gaps recorded in sources scanned,unknown — derivative/reuse not determined from excerpt scan,UNAFFECTED,"F1: effect estimate with interval reported at origin (MH OR 2.384, 95% CI 1.847-3.077; CMH), and the LOSO robustness check the framework would ask for was completed in Phase-141. Framework satisfied.",
PHASE-137,phase,Phases 136–138 — Spec 024 Stage 2 Combined Report,SUPPORTED** |,SUPPORTED** |,"[""CISI images"", ""Holdat"", ""ICIT-lineage"", ""Indus corpus (unspecified lineage in excerpt)"", ""TN graffiti"", ""horus84/ICIT-lineage""]","[""CISI images"", ""Holdat"", ""ICIT-lineage"", ""Indus corpus (unspecified lineage in excerpt)"", ""TN graffiti"", ""horus84/ICIT-lineage""]",control(s) mentioned; type unclear from excerpt,none recorded in sources scanned,Freezes**,yes — CI/effect-size reported,incomplete/gaps recorded in sources scanned,unknown — derivative/reuse not determined from excerpt scan,RERUN-REQUIRED,"F2 + F3: chi-square permutation verdicts with point Cramer's V only (0.1154 / 0.2190); no interval, no practical margin adjudicated. C1: bootstrap intervals for V are computable from the recorded layer under the original permutation design.",Phase-143 (C1)
PHASE-138,phase,Phases 136–138 — Spec 024 Stage 2 Combined Report,SUPPORTED** |,SUPPORTED** |,"[""CISI images"", ""Holdat"", ""ICIT-lineage"", ""Indus corpus (unspecified lineage in excerpt)"", ""TN graffiti""]","[""CISI images"", ""Holdat"", ""ICIT-lineage"", ""Indus corpus (unspecified lineage in excerpt)"", ""TN graffiti""]",control(s) mentioned; type unclear from excerpt,none recorded in sources scanned,Freezes**,yes — CI/effect-size reported,incomplete/gaps recorded in sources scanned,unknown — derivative/reuse not determined from excerpt scan,UNAFFECTED,Graffiti arm executed as DESCRIPTIVE ONLY by frozen design; no verdict claimed or possible.,
PHASE-139,phase,Spec 025 Combined Report — Stage 2 Controlled Follow-Up (Phases 139–141),SUPPORTED under a,SUPPORTED under a,"[""AI-assisted coding"", ""CISI images"", ""Holdat"", ""ICIT-lineage"", ""horus84/ICIT-lineage""]","[""AI-assisted coding"", ""CISI images"", ""Holdat"", ""ICIT-lineage"", ""horus84/ICIT-lineage""]",control(s) mentioned; type unclear from excerpt,none recorded in sources scanned,frozen before,yes — CI/effect-size reported,incomplete/gaps recorded in sources scanned,unknown — derivative/reuse not determined from excerpt scan,UNAFFECTED,"Covariate audit: margins-only by frozen design, eligibility gate applied verbatim, NOT ESTIMABLE outcome pre-designed. Framework exemplar.",
PHASE-140,phase,Spec 025 Combined Report — Stage 2 Controlled Follow-Up (Phases 139–141),SUPPORTED under a,SUPPORTED under a,"[""Holdat"", ""ICIT-lineage"", ""horus84/ICIT-lineage""]","[""Holdat"", ""ICIT-lineage"", ""horus84/ICIT-lineage""]",control(s) mentioned; type unclear from excerpt,none recorded in sources scanned,frozen before,yes — CI/effect-size reported,unknown,unknown — derivative/reuse not determined from excerpt scan,RERUN-REQUIRED,"G1 SUPPORTED under control rested on the permutation p-value (0/9,999) with point V 0.2190; no interval for the controlled effect. C1: stratified bootstrap interval for V computable from the recorded layer under the frozen composition x preservation strata. Chronology rider is unaffected and carries into the rerun report verbatim.",Phase-144 (C1)
PHASE-141,phase,Spec 025 Combined Report — Stage 2 Controlled Follow-Up (Phases 139–141),SUPPORTED under a,SUPPORTED under a,"[""CISI images"", ""Holdat"", ""ICIT-lineage"", ""horus84/ICIT-lineage""]","[""CISI images"", ""Holdat"", ""ICIT-lineage"", ""horus84/ICIT-lineage""]",control(s) mentioned; type unclear from excerpt,none recorded in sources scanned,frozen before,yes — CI/effect-size reported,unknown,unknown — derivative/reuse not determined from excerpt scan,UNAFFECTED,LOSO sensitivity: per-subset ORs with 95% CIs against a pre-set robustness criterion; no verdicts minted by design. Framework satisfied.,
