case_id,kind,signs_involved,sign_numbers,context_signs,sources,summary,location,is_dispute
BH-D01,conflation_split,M267,267,,M77 vs Bhaskar (on CISI objects),M77 treats the rhomboid and ovoid forms as variants of one sign 267 (sequences 2618/4090 vs the split sequence 6112 are called identical); Bhaskar argues the two forms cannot be conflated and distinguishes 267 from 267a on behavioural grounds.,Article Sect. 3 (PDF p. 6); ESM3-ESM5,true
BH-D02,conflation_split,M097 M098,97 98,,ICIT (Wells/Fuls) vs Bhaskar/M77,"Wells and Fuls conflate signs 97 and 98 and assign a single ICIT number (001), denying 98 as a separate sign; Bhaskar keeps 97 and 98 distinct (97 a differential marker, 98 a neutral marker).",Article Sect. 7 (PDF p. 18),true
BH-D03,conflation_split,M099 M100,99 100,,ICIT (Wells) vs Bhaskar/M77,Signs 99 and 100 are merged by Wells into a single ICIT number (002); Bhaskar keeps them distinct and argues at length (Sect. 5.6) for telling them apart.,Article Sect. 7 (PDF p. 18); Sect. 5.6,true
BH-D04,attribution_doubt,M099 M100,99 100,,ICIT vs Bhaskar (object absent from M77),"For one unicorn seal with no M77 entry, ICIT documents the first sign as its 002 (equivalent to M77 99); Bhaskar takes the sign as M77 100 instead, rationalised in Sect. 5.6.",ESM1 row 23 (PDF p. 5),true
BH-D05,normalisation_split,M244,244,,M77 vs ICIT; Bhaskar proposes a third treatment,"M77 normalises visibly and behaviourally distinct forms (including forms on objects 4345 and 1550) to a single sign 244, producing marker-less anisotropies (Dx); ICIT instead catalogues the forms as separate signs (ICIT 629-642). Bhaskar proposes one formative sign 244 with alphanumeric marked versions 244a-244k (ESM10).",Article Sect. 8.1 (PDF p. 21); ESM10 (PDF p. 1),true
BH-D06,misprint,M257 M197,257 197,,M77 internal error (noted by Bhaskar),M77 sequence 2518 (the longest frontal-sign sequence) carries a misprint: it reports sign 257 as 197. Sign 257 has only three occurrences in M77.,ESM2 row 25 (PDF p. 14),true
BH-D07,e1_corpus_error,M053 M342,53 342,M287 M373,M77 vs ICIT,"Inscription 4827 (H-1393, pottery graffiti) vs ICIT 231: the two sources give materially different sequences (in the M77 version a 342 stands after 53 and another 342 before it); the first sign is obliterated, so CISI cannot settle it. Labelled E1 in ESM2.",ESM2 row 14c (PDF p. 5),true
BH-D08,e1_corpus_error,M060 M087,60 87,M123 M305,M77 vs ICIT (both faulted),"Object C-79 (M77 6211; ICIT 75), arising in the simulation '87 after 60': both sources normalise C-79 to an extreme and produce vastly different readings. Labelled E1 in ESM2. The E1 concerns the object's whole reading; 60/87 are the simulated pair that surfaces it.",ESM2 row 28f1 (PDF p. 15),true
BH-D09,e1_corpus_error,M060,60,M342 M344 M328,"M77 vs ICIT, one case settled by CISI, one unresolvable","Three inscriptions where 342 occurs before 60: at 2456 the ICIT version differs (if it is taken, the case drops); at 1090 CISI (M-740) settles the reading in favour of M77; at 1125 M77 and ICIT 2423 disagree over the terminal sign and CISI (M-1732) cannot resolve it because the sign is partially lost -- an E1.",ESM7 case 7 (PDF p. 1),true
BH-D10,coverage_gap,M402,402,,CISI object vs M77 + ICIT + the Indus font package (unanimous gap),"The frontal flag/banner sign on K-39 waves left. No left-waving variant of 402 exists in M77, in ICIT, or in the font package; the only other left-waving instance (object 7065, L-115) is doubted by Bhaskar to be 402 at all, or even a variant of it. The disagreement is between the object's form and every compilation's inventory of 402 -- not between the compilations themselves.","ESM1, note at row 22 / K-39 (PDF p. 4)",true
BH-D11,classification_dispute,M162,162,,M77 vs ICIT,"On M-223 (M77 1167), M77 treats sign 162 as a stand-alone sign; ICIT instead lists it as a proxy sign for the cult object. (Both sources note the reading direction of the object as LTR.)",ESM2 row 13 header (PDF p. 2); ESM1 row 13,true
BH-D12,omission,,,M267 M029 M180 M175 M028 M381 M102 M327,M77 (noted by Bhaskar),"For C-23 (M77 6402) M77 reports the sequence in three lines and omits the 'double axe' element the goat faces. The omission concerns that element, not the identity of any numbered sign in the sequence, so no sign is listed as involved.",ESM2 row 29 header (PDF p. 15),true
BH-D13,font_substitution,M187,187,,M77 vs the Indus font package,"In sequence 1325 (M-1202) the second sign from the right is 187 in M77; the font package has no exact glyph match for it, so the glyph for ICIT 257 is substituted.",ESM2 row 16c (PDF p. 5),true
BH-D14,mirrored_reckoning,M216 M217,216 217,,M77 reckoning (noted by Bhaskar),A mirrored form at object 7044 is reckoned in M77 as sign 217 where Bhaskar's analysis treats the underlying sign as 216 (mirrored).,ESM8 entry 20 (PDF p. 2),true
BH-D15,conflation_split,M244 M219,244 219,,Bhaskar vs a marked-version reading of the 244 family,"Within the ESM10 table, the unit catalogued as 244k is identified not as a marked version of 244 but as a compound of 244d with sign 219; another unit (641) is noted as not an independent sign but a double of 244a.",ESM10 (PDF p. 1),true
BH-D16,attribution_doubt,M167,167,M060 M087 M123 M305,Bhaskar (identity left open),"For M-1793 (M77 2316) the frontal sign's identity is doubtful (given as 167 with a query, and in ESM1 as possibly a monkey per Mackay 1938); Bhaskar runs the simulation on the rest of the sequence only.",ESM2 row 28 header (PDF p. 14); ESM1 row 28,true
BH-R01,form_reanalysis,M059 M065 M067 M070 M072,59 65 67 70 72,,Bhaskar's analysis (M77/ICIT list the forms as separate signs),"The fish-sign family: 65, 67, 70, 72 and others are treated as intrinsically marked versions of formative sign 59, used as D5 signals of anisotropy.",Article Sect. 8.3; ESM11,false
BH-R02,form_reanalysis,M342 M343 M344 M345,342 343 344 345,,Bhaskar's analysis,"Signs 343, 344, 345 are analysed as 342 with an infixed/suffixed marker (343 ~ 342+97, 344 ~ 342+99, 345 ~ 342+102, the latter two tentative).",Article Sect. 5.4; ESM2 intro; ESM6-ESM7,false
BH-R03,form_reanalysis,M287 M299 M303,287 299 303,,Bhaskar's analysis,Sign 303 is analysed as a compound of 287 + 299 and is opposed to 287 in usage.,ESM8 entries B/C/28 (PDF p. 3),false
BH-R04,form_reanalysis,M171 M172,171 172,,Bhaskar's analysis,"Sign 172 is treated as a marked version of formative sign 171, and their contrasting behaviour after sign 59 is used as D5/D1 evidence.",ESM12 (PDF p. 1),false
