anchor_id,sign_number,reading,anchor_confidence,validation_status,bhaskar_classification,bhaskar_subflag,bhaskar_case_ids,wells_treatment,wells_graphemes,wells_correspondence_method,wells_verification,phase126_wells_class,crosswalk_status,crosswalk_n_rows,crosswalk_parpola_ids,crosswalk_confidences,crosswalk_relation_types,crosswalk_any_conflict,phase125_status,phase125_parpola_id,phase125_judgeable,phase125_tv,phase125_mayig_n,phase125_holdat_n,phase127_status,phase127_pair_key,phase127_bootstrap_ci95_lo,phase127_bootstrap_ci95_hi,soviet_spec020_limitation,buckets
M011,11,kaḷiṟu,HIGH,pending_non_sa_validation,NOT-COVERED,not_mentioned,,SPLIT,159;160;161,REGISTRY,,split,mapped,2,P003;P011,high;low,many-to-many,True,NOT-COVERED,,,,,,NOT-COVERED,,,,NOT-EVALUABLE-VIA-SOVIET-DATASET,segmentation-contested;crosswalk-contested
M021,21,kō,HIGH,pending_non_sa_validation,NOT-COVERED,not_mentioned,,INDETERMINATE,,NONE,,indeterminate,mapped,2,P021;P025,high;low,many-to-many,True,in_primary_records,P025,False,,0,16,NOT-COVERED,,,,NOT-EVALUABLE-VIA-SOVIET-DATASET,crosswalk-contested
M024,24,nē,HIGH,pending_non_sa_validation,NOT-COVERED,not_mentioned,,SAME,134,REGISTRY,,unit-same,mapped,2,P024;P029,high;low,many-to-many,True,in_primary_records,P029,False,,0,13,NOT-COVERED,,,,NOT-EVALUABLE-VIA-SOVIET-DATASET,crosswalk-contested
M028,28,cōḻ,HIGH,pending_non_sa_validation,NOT-COVERED,mentioned_behaviourally,,SPLIT,125;126,REGISTRY,,split,mapped,2,P028;P035,high;low,many-to-many,True,in_primary_records,P035,False,,4,11,NOT-COVERED,,,,NOT-EVALUABLE-VIA-SOVIET-DATASET,segmentation-contested;crosswalk-contested
M031,31,kai,HIGH,pending_non_sa_validation,NOT-COVERED,not_mentioned,,SAME,117,REGISTRY,,unit-same,mapped,2,P031;P039,high;low,many-to-many;many-to-one,True,in_primary_records,P039,False,,0,16,NOT-COVERED,,,,NOT-EVALUABLE-VIA-SOVIET-DATASET,crosswalk-contested
M033,33,puli,HIGH,pending_non_sa_validation,NOT-COVERED,not_mentioned,,INDETERMINATE,,NONE,,indeterminate,mapped,1,P033,low,1:1,False,NOT-COVERED,,,,,,NOT-COVERED,,,,NOT-EVALUABLE-VIA-SOVIET-DATASET,not-covered
M035,35,po,HIGH,pending_non_sa_validation,NOT-COVERED,not_mentioned,,SAME,113,REGISTRY,,unit-same,mapped,2,P035;P042,high;low,many-to-many,True,in_primary_records,P042,False,,0,19,NOT-COVERED,,,,NOT-EVALUABLE-VIA-SOVIET-DATASET,crosswalk-contested
M036,36,tiru,HIGH,pending_non_sa_validation,NOT-COVERED,not_mentioned,,SAME,122,REGISTRY,,unit-same,mapped,2,P036;P037,high;low,many-to-many,True,in_primary_records,P037,False,,1,15,NOT-COVERED,,,,NOT-EVALUABLE-VIA-SOVIET-DATASET,crosswalk-contested
M040,40,ri,HIGH,pending_non_sa_validation,NOT-COVERED,mentioned_behaviourally,,SAME,137,REGISTRY,,unit-same,mapped,2,P019;P040,high;low,many-to-many,True,in_primary_records,P019,False,,0,13,NOT-COVERED,,,,NOT-EVALUABLE-VIA-SOVIET-DATASET,crosswalk-contested
M058,58,ke,HIGH,pending_non_sa_validation,NOT-COVERED,not_mentioned,,INDETERMINATE,,NONE,,indeterminate,mapped,1,P058,low,one-to-many,True,NOT-COVERED,,,,,,NOT-COVERED,,,,NOT-EVALUABLE-VIA-SOVIET-DATASET,crosswalk-contested;not-covered
M071,71,nal,HIGH,pending_non_sa_validation,NOT-COVERED,not_mentioned,,SAME,232,REGISTRY,,unit-same,mapped,2,P057;P071,high;low,many-to-many,True,in_primary_records,P057,False,,0,16,NOT-COVERED,,,,NOT-EVALUABLE-VIA-SOVIET-DATASET,crosswalk-contested
M072,72,mā,HIGH,pending_non_sa_validation,NOT-COVERED,mentioned_behaviourally,,SAME,233,REGISTRY,,unit-same,mapped,2,P058;P072,high;low,many-to-many;many-to-one,True,in_primary_records,P058,True,1.0,15,12,in_judgeable_pair_set,P058-M072,1.0,1.0,NOT-EVALUABLE-VIA-SOVIET-DATASET,evidence-complete;crosswalk-contested
M102,102,ni,HIGH,pending_non_sa_validation,NOT-COVERED,mentioned_behaviourally,,MERGE,003,REGISTRY,,merge,mapped,2,P102;P123,high;low,1:1;one-to-many,True,NOT-COVERED,,,,,,NOT-COVERED,,,,NOT-EVALUABLE-VIA-SOVIET-DATASET,segmentation-contested;crosswalk-contested
M103,103,kol,HIGH,pending_non_sa_validation,NOT-COVERED,not_mentioned,,SPLIT,003;013,REGISTRY,,split,mapped,3,P103;P123;P139,high;low,1:1;many-to-many,True,NOT-COVERED,,,,,,NOT-COVERED,,,,NOT-EVALUABLE-VIA-SOVIET-DATASET,segmentation-contested;crosswalk-contested
M127,127,vē,HIGH,pending_non_sa_validation,NOT-COVERED,mentioned_behaviourally,,SAME,440,REGISTRY,verified,unit-same,mapped,2,P127;P283,high;low,many-to-many;many-to-one,True,in_primary_records,P283,False,,3,6,NOT-COVERED,,,,NOT-EVALUABLE-VIA-SOVIET-DATASET,crosswalk-contested
M149,149,or,HIGH,pending_non_sa_validation,NOT-COVERED,mentioned_behaviourally,,SAME,690,REGISTRY,partial,unit-same,mapped,2,P149;P255,high;low,many-to-many;many-to-one,True,in_primary_records,P255,False,,1,7,NOT-COVERED,,,,NOT-EVALUABLE-VIA-SOVIET-DATASET,crosswalk-contested
M153,153,pu,HIGH,pending_non_sa_validation,NOT-COVERED,not_mentioned,,SAME,520,GLYPH,verified,unit-same,mapped,2,P138;P153,high;low,many-to-many;many-to-one,True,in_primary_records,P138,False,,0,5,NOT-COVERED,,,,NOT-EVALUABLE-VIA-SOVIET-DATASET,crosswalk-contested
M155,155,ka,HIGH,pending_non_sa_validation,NOT-COVERED,mentioned_behaviourally,,SPLIT,070;072,REGISTRY,,split,mapped,2,P114;P155,high;low,many-to-many,True,in_primary_records,P114,False,,3,5,NOT-COVERED,,,,NOT-EVALUABLE-VIA-SOVIET-DATASET,segmentation-contested;crosswalk-contested
M168,168,inci,HIGH,pending_non_sa_validation,NOT-COVERED,not_mentioned,,SPLIT,390;392;405;406;407;408;411,REGISTRY,,split,mapped,3,P086;P100;P168,high;low,many-to-many;many-to-one,True,NOT-COVERED,,,,,,NOT-COVERED,,,,NOT-EVALUABLE-VIA-SOVIET-DATASET,segmentation-contested;crosswalk-contested
M169,169,rā,HIGH,pending_non_sa_validation,NOT-COVERED,mentioned_behaviourally,,SPLIT,390;392;405;406;407;408,REGISTRY,,split,mapped,2,P086;P169,high;low,1:1;one-to-many,True,NOT-COVERED,,,,,,NOT-COVERED,,,,NOT-EVALUABLE-VIA-SOVIET-DATASET,segmentation-contested;crosswalk-contested
M177,177,na,HIGH,pending_non_sa_validation,NOT-COVERED,mentioned_behaviourally,,SAME,413,REGISTRY,,unit-same,mapped,2,P099;P177,high;low,1:1;one-to-many,True,in_primary_records,P099,False,,1,5,NOT-COVERED,,,,NOT-EVALUABLE-VIA-SOVIET-DATASET,crosswalk-contested
M178,178,i,HIGH,pending_non_sa_validation,NOT-COVERED,not_mentioned,,SPLIT,465;467;468;469;470;471;472;473;474;475,REGISTRY,,split,mapped,2,P178;P186,high;low,1:1,False,in_primary_records,P186,False,,2,5,NOT-COVERED,,,,NOT-EVALUABLE-VIA-SOVIET-DATASET,segmentation-contested
M183,183,vēḷ,HIGH,pending_non_sa_validation,NOT-COVERED,not_mentioned,,SAME,321,REGISTRY,,unit-same,mapped,2,P183;P304,high;low,1:1,False,in_primary_records,P304,False,,0,5,NOT-COVERED,,,,NOT-EVALUABLE-VIA-SOVIET-DATASET,evidence-thin
M223,223,muḷ,HIGH,pending_non_sa_validation,NOT-COVERED,mentioned_behaviourally,,SAME,564,REGISTRY,,unit-same,mapped,2,P223;P237,high;low,1:1,False,in_primary_records,P237,False,,1,5,NOT-COVERED,,,,NOT-EVALUABLE-VIA-SOVIET-DATASET,evidence-thin
M235,235,vē,HIGH,pending_non_sa_validation,NOT-COVERED,not_mentioned,,SAME,457,REGISTRY,,unit-same,mapped,2,P223;P235,high;low,1:1,False,in_primary_records,P223,False,,1,7,NOT-COVERED,,,,NOT-EVALUABLE-VIA-SOVIET-DATASET,evidence-thin
M237,237,ce,HIGH,pending_non_sa_validation,NOT-COVERED,mentioned_behaviourally,,SPLIT,600;625,REGISTRY,,split,mapped,2,P237;P262,high;low,1:1,False,in_primary_records,P262,False,,0,8,NOT-COVERED,,,,NOT-EVALUABLE-VIA-SOVIET-DATASET,segmentation-contested
M239,239,il,HIGH,pending_non_sa_validation,NOT-COVERED,not_mentioned,,SAME,602,REGISTRY,,unit-same,mapped,2,P239;P267,high;low,1:1;one-to-many,True,in_primary_records,P267,False,,0,5,NOT-COVERED,,,,NOT-EVALUABLE-VIA-SOVIET-DATASET,crosswalk-contested
M254,254,tēṉ,HIGH,pending_non_sa_validation,NOT-COVERED,mentioned_behaviourally,,SPLIT,526;527,REGISTRY,verified,split,mapped,2,P254;P301,high;low,1:1,False,in_primary_records,P301,False,,6,5,NOT-COVERED,,,,NOT-EVALUABLE-VIA-SOVIET-DATASET,segmentation-contested
M262,262,i,HIGH,pending_non_sa_validation,NOT-COVERED,not_mentioned,,SAME,860,REGISTRY,verified,unit-same,mapped,2,P262;P356,high;low,1:1,False,in_primary_records,P356,False,,0,5,NOT-COVERED,,,,NOT-EVALUABLE-VIA-SOVIET-DATASET,evidence-thin
M270,270,muḷ,HIGH,pending_non_sa_validation,NOT-COVERED,mentioned_behaviourally,,SAME,863,REGISTRY,,unit-same,mapped,2,P270;P392,high;low,1:1,False,in_primary_records,P392,False,,0,6,NOT-COVERED,,,,NOT-EVALUABLE-VIA-SOVIET-DATASET,evidence-thin
M272,272,ma,HIGH,pending_non_sa_validation,NOT-COVERED,not_mentioned,,SAME,865,REGISTRY,,unit-same,mapped,2,P272;P389,high;low,1:1,False,in_primary_records,P389,False,,0,7,NOT-COVERED,,,,NOT-EVALUABLE-VIA-SOVIET-DATASET,evidence-thin
M281,281,piLLai,HIGH,pending_non_sa_validation,NOT-COVERED,not_mentioned,,INDETERMINATE,,NONE,,indeterminate,NOT-COVERED,0,,,,False,NOT-COVERED,,,,,,NOT-COVERED,,,,NOT-EVALUABLE-VIA-SOVIET-DATASET,not-covered
M293,293,ta,MEDIUM,pending_non_sa_validation,NOT-COVERED,mentioned_behaviourally,,SAME,920,REGISTRY,discrepancy,unit-same,mapped,1,P160,high,one-to-many,True,in_primary_records,P160,False,,6,232,NOT-COVERED,,,,NOT-EVALUABLE-VIA-SOVIET-DATASET,segmentation-contested;crosswalk-contested
M304,304,vēṟ,HIGH,pending_non_sa_validation,NOT-COVERED,not_mentioned,,SAME,890,REGISTRY,verified,unit-same,mapped,2,P178;P304,high;low,1:1,False,in_primary_records,P178,False,,1,5,NOT-COVERED,,,,NOT-EVALUABLE-VIA-SOVIET-DATASET,evidence-thin
M332,332,intu,HIGH,pending_non_sa_validation,NOT-COVERED,not_mentioned,,SPLIT,732;734,REGISTRY,verified,split,mapped,2,P313;P332,high;low,1:1,False,in_primary_records,P313,False,,1,6,NOT-COVERED,,,,NOT-EVALUABLE-VIA-SOVIET-DATASET,segmentation-contested
M345,345,taṭ,HIGH,pending_non_sa_validation,NOT-COVERED,not_mentioned,,SPLIT,745;746;747,REGISTRY,verified,split,mapped,2,P327;P345,high;low,1:1,False,in_primary_records,P327,False,,1,5,NOT-COVERED,,,,NOT-EVALUABLE-VIA-SOVIET-DATASET,segmentation-contested
M350,350,vē,HIGH,pending_non_sa_validation,NOT-COVERED,mentioned_behaviourally,,SAME,764,REGISTRY,,unit-same,mapped,2,P336;P350,high;low,1:1;one-to-many,True,in_primary_records,P336,False,,0,5,NOT-COVERED,,,,NOT-EVALUABLE-VIA-SOVIET-DATASET,crosswalk-contested
M355,355,lu,HIGH,pending_non_sa_validation,NOT-COVERED,not_mentioned,,SAME,753,REGISTRY,,unit-same,mapped,2,P337;P355,high;low,1:1,False,in_primary_records,P337,False,,0,5,NOT-COVERED,,,,NOT-EVALUABLE-VIA-SOVIET-DATASET,evidence-thin
M365,365,vāṉ,HIGH,pending_non_sa_validation,NOT-COVERED,not_mentioned,,NOT-COVERED,,GLYPH-SEARCH-NEGATIVE,,not-covered,mapped,2,P315;P365,high;low,1:1,False,in_primary_records,P315,False,,0,5,NOT-COVERED,,,,NOT-EVALUABLE-VIA-SOVIET-DATASET,evidence-thin
M383,383,kol,HIGH,pending_non_sa_validation,NOT-COVERED,not_mentioned,,SPLIT,815;816,REGISTRY,verified,split,mapped,2,P371;P383,high;low,1:1,False,in_primary_records,P371,False,,0,7,NOT-COVERED,,,,NOT-EVALUABLE-VIA-SOVIET-DATASET,segmentation-contested
M401,401,vē,HIGH,pending_non_sa_validation,NOT-COVERED,not_mentioned,,SAME,375,REGISTRY,partial,unit-same,mapped,2,P104;P401,high;low,1:1;one-to-many,True,in_primary_records,P104,False,,0,6,NOT-COVERED,,,,NOT-EVALUABLE-VIA-SOVIET-DATASET,crosswalk-contested
M402,402,vēḷ,HIGH,pending_non_sa_validation,CONTESTED,coverage_gap,BH-D10,SPLIT,365;367;368,REGISTRY,,split,mapped,2,P202;P402,high;low,1:1,False,in_primary_records,P202,False,,11,5,NOT-COVERED,,,,NOT-EVALUABLE-VIA-SOVIET-DATASET,segmentation-contested
M412,412,cūḷ,HIGH,pending_non_sa_validation,NOT-COVERED,mentioned_behaviourally,,SAME,201,REGISTRY,,unit-same,mapped,2,P077;P412,high;low,1:1;one-to-many,True,in_primary_records,P077,False,,0,5,NOT-COVERED,,,,NOT-EVALUABLE-VIA-SOVIET-DATASET,crosswalk-contested
M416,416,na,HIGH,pending_non_sa_validation,NOT-COVERED,not_mentioned,,SAME,217,REGISTRY,verified,unit-same,mapped,2,P354;P416,high;low,1:1,False,in_primary_records,P354,False,,0,5,NOT-COVERED,,,,NOT-EVALUABLE-VIA-SOVIET-DATASET,evidence-thin
