id,n_morphemes,morpheme_ids_ws_joined
,50,5000 5001 1094 5177 5002 5003 5004 5178 5005 5006 4034 4008 5007 5002 4017 5008 5181 4039 2000 2001 2002 4006 4001 4001 1155 2003 5011 5004 4001 5178 2004 1060 2005 5182 4008 2006 4025 4033 2007 5178 1103 2008 4025 5004 5012 5013 5014 2009 4021 1040
,8,2559 2011 5131 2625 2012 2013 4022 2014
,51,2015 1014 2001 4033 2016 4008 2017 4039 2018 5178 2019 5182 4000 4025 2020 4008 2021 5186 4039 2022 2023 5187 4012 4008 1115 2001 2002 5187 4012 4000 2024 4031 1138 2025 5131 2026 2001 2002 5187 4012 4000 2027 4025 4031 1138 2028 2029 2030 2031 4021 4006
,35,2032 5005 4006 5014 5015 5016 5178 5017 5018 5181 4025 5019 5000 5001 2033 4020 2001 2002 5187 4012 4000 2034 2035 2036 5187 4012 2037 4025 4033 1090 2038 4033 2007 4035 4017
,33,2880 4021 4008 1138 2039 4021 4008 1138 5007 5002 4017 5008 5181 4039 2001 2002 5187 4012 4000 2027 4006 2500 4021 4000 2040 5133 2021 5186 4039 2041 4022 4017 4034
,55,2042 1131 2043 5182 4008 5000 5001 1094 2027 4025 1126 1115 5007 5002 4017 5008 5181 4039 2001 2002 4006 4001 2004 2017 5178 2005 5182 4008 5190 5014 5016 4025 2044 5191 2045 5020 5182 5181 5015 5019 5021 5178 4025 2046 5022 5178 5019 5177 2047 2048 2049 4000 2013 4022 1047
,48,2028 2029 2025 5131 4025 2050 4019 1115 2051 2052 5191 2053 2054 4007 2055 2056 4012 4000 4033 2057 4001 5178 2005 5182 4008 2010 5192 5019 5181 3197 4000 2058 4033 2059 2060 5178 1156 5178 5014 5016 4025 2061 5024 5025 2062 2041 4021 1040
,6,2063 2625 2013 4022 1115 2014
,28,2064 4039 2065 5187 4012 4000 4033 2066 4025 2051 2052 4021 2067 2037 4025 4033 1090 2068 5191 2053 5187 4012 2069 4033 1090 2010 5192 4017
,26,2042 1131 2070 2037 4031 4021 5193 4001 2071 1137 2072 5182 4008 2073 5194 4021 4050 4012 1130 2066 4006 2074 5194 4021 4017 4034
,61,2075 4033 2066 4021 2054 4000 2625 4025 5192 4006 2076 5187 4012 1008 2077 4037 2078 4039 2079 4012 1154 2080 5007 4017 5193 2005 5182 4008 2081 5182 4008 2082 5178 5026 5187 5007 4034 5177 5014 5016 4025 2083 2029 2025 5131 2084 2051 2052 5191 2053 4021 4000 4025 2021 5186 4039 2074 4040 2010 5192 4006
,31,2053 1025 4021 5027 5196 2085 4022 2086 2087 4012 4008 1138 1049 2088 4021 4008 1138 2089 2090 4012 4008 1138 2091 2092 4008 2093 4021 5014 2010 5192 4006
,24,2035 2053 4021 4007 1150 2066 4025 4033 1133 2094 5191 2095 4021 1008 2096 2097 1152 1129 2098 1138 2099 2100 2101 5028
,16,2102 5197 4001 2084 2103 2104 4021 2105 5182 1107 2106 2107 4012 2108 4021 2109
,64,2110 2111 2112 4037 2113 2114 2017 5178 2115 5182 4008 4021 5187 4025 5192 4007 2116 4012 2073 5194 4021 2117 4022 4000 2118 2031 5182 4031 1158 2119 2120 5182 1158 2121 1158 2122 2120 5182 1158 2099 4007 4005 1139 1135 2053 4021 4007 1150 2117 4022 4007 2123 1138 2124 2029 2125 4012 1138 2126 4025 4033 2007 4031 4036
,38,2127 2073 4040 2018 5178 2117 4012 2051 2128 5182 4007 2100 2059 4028 5178 5181 2099 4033 1090 2129 5029 4017 3104 5193 4000 2130 4033 4021 5193 4001 1138 2131 2132 4033 1090 2010 5192 4006
,16,1140 2072 4012 4008 2025 5131 2133 2134 4012 2135 2132 4033 1157 2136 4028 4006
,31,1066 2035 2053 2137 2196 4031 4008 2073 4031 4021 5193 4001 2132 4033 1090 2010 5192 2055 2056 4012 4000 4033 2057 4001 5178 2005 5182 4008 2027 4019 1080
,40,2138 2139 5191 2053 4021 4000 2140 4006 2141 2054 2142 4040 2143 4040 2144 4020 4021 4000 4033 1153 2051 2128 2021 5186 4039 2074 4040 2010 5192 2053 4021 4000 5182 1138 2140 4006 2054 2144 2060 5178
,18,2145 4007 1099 2146 2015 4012 2147 4008 2196 5030 4001 2148 4031 4006 2113 2149 4021 1080
,38,2150 2151 5182 1155 5013 5031 5177 5032 4025 2145 2015 4012 4008 2152 2153 2154 2155 2033 4020 2156 5187 4012 4000 2055 5182 1154 2157 4006 4021 2158 4021 4021 4008 1131 2030 2159 4020 1080
,56,2196 4031 4007 2160 2015 4012 1155 5033 5034 2161 4031 4006 2113 4021 4000 5182 1138 4008 5187 5035 2162 4031 4006 2113 4021 4000 5182 1138 4033 5187 4025 5036 5037 5198 1049 5021 5007 5177 5019 4017 2163 1064 2164 1049 2165 4031 4006 2113 4021 4000 5182 1138 2166 4037 4021 1086
,33,2167 2015 4012 4008 5199 5021 4017 5038 4017 5018 5039 5011 5040 5187 4025 5041 4034 2033 4020 2106 2015 4012 1045 2168 2169 2113 5187 4012 4001 1136 2010 5192 4017
,37,1066 2147 4008 2168 2170 2113 5187 4012 4000 4033 2171 4021 2015 4012 5029 4017 5042 5194 4006 5043 5044 4022 5191 4034 5042 5194 4006 5177 5032 4022 4017 5136 5014 5045 5015 5011 2172
,35,2150 2173 4031 4006 2113 4021 4000 5182 1138 3530 2174 4031 4006 2113 4021 4000 5182 1138 5137 5007 5042 5194 4006 2175 4031 4006 2113 4021 4000 5182 1138 2166 4037 4021 1086
,37,5013 5031 5177 5032 4025 2176 1019 2168 2177 5011 4025 2015 4012 4000 4033 1061 2020 4025 2178 4022 5005 1097 2179 4020 5191 4034 5046 5182 4008 1131 2030 4012 2180 5182 2074 4019 4017
,44,2181 4012 4009 2145 4008 2182 1127 1138 2183 1127 1138 2184 2177 5182 4008 2073 4031 1138 2185 2186 4022 1154 5047 5187 4025 5192 2187 5178 1129 2015 4022 4008 2188 4025 2189 4014 4018 1103 2190 2178 4022 4025 4033 1082
,29,3197 5193 4001 1155 2191 1110 2149 4021 4021 4008 1131 2030 4012 2180 5182 2074 4019 4017 1103 1062 2151 5182 4007 1019 2192 4025 4033 1088 1080
,44,2559 1160 5191 4034 5046 5182 4008 1063 2193 4025 4033 2007 5178 2145 4021 2194 4012 5011 4034 1114 2020 4025 2195 4008 2196 4033 2197 5178 4017 5048 4025 4017 5040 5187 2198 2171 4021 4029 1065 2199 4021 2200 4025 4006
,16,5138 5029 4001 4012 4001 2201 5049 2202 2203 2204 2205 2206 4025 4033 1088 1080
,49,2207 2206 4025 4033 1133 2204 2205 1107 2208 1049 2209 2210 5187 4012 4001 1155 2211 4012 4000 2212 5049 2213 2203 2119 5131 2132 2197 5178 4017 5048 4025 4017 5040 5187 2214 5182 4008 2215 5193 2028 2216 4025 2217 4021 4008 2218 4025 4033 1082
,35,2219 5138 5029 4001 4012 4001 1155 2204 4021 4000 5049 2220 2203 4021 1008 5049 2221 2203 1154 2222 4037 2132 2060 5178 1156 2223 2224 4025 2225 2226 2031 4021 2129 4019 4006
,8,2559 4000 2029 2227 5193 4025 4031 1101
,27,2228 2229 2215 5193 2028 2216 4025 2217 4021 4008 5138 5029 4025 4012 4007 2204 4021 4000 5049 2230 2203 1154 2222 2218 4025 4033 1082
,15,2559 5193 4001 5138 5029 4025 4012 4008 2084 2231 2232 2192 4021 4017 4034
,37,2204 2205 1034 2233 2234 5029 4034 5012 4033 5016 4025 4034 5050 5182 4000 5021 5199 4025 2235 2237 5191 5051 5199 5052 5014 1049 2236 2237 2194 4012 2238 5182 1102 2239 4021 4017 4034
,22,2240 5014 5181 2029 2241 2242 2006 4025 4027 1156 5029 4034 5012 4033 5016 4025 4034 5050 2243 2009 4021 1006
,22,1131 2115 5182 4008 2201 5049 2202 2203 2204 4021 4000 2222 2216 4025 2217 4021 4008 2218 4025 4033 1088 1080
,41,5014 5004 5053 5181 5046 5015 5190 5012 2244 4021 2245 5026 5054 5182 4033 4017 2246 5190 5014 5016 4025 2061 1138 2247 4021 2194 1138 1155 5020 5182 5181 5015 5019 4031 4000 2239 4006 4033 2248 4007 4029
,18,2249 4007 5055 4006 2245 5026 5054 5182 4033 4017 4007 2250 5182 1138 2251 2074 4019 1006
,22,2559 2252 2253 1155 2249 1103 5190 5014 5016 4025 1019 2013 4033 1088 1115 2254 4008 2192 4025 4033 1088 1080
,28,5014 5004 5000 5194 5006 4034 2255 5043 5029 4034 5178 5056 5182 5043 5052 5027 2256 4008 2257 4021 2258 2246 2259 4021 1107 2260 4020 4006
,11,2258 2261 5194 4006 2174 2186 4022 4012 2215 4014 4006
,14,2258 2262 2186 1155 2246 2263 2264 2265 4001 2256 2266 4025 4033 1082
,8,2267 2265 4001 2268 2269 2215 5193 4006
,9,2270 2265 4001 2271 2272 2273 2215 5193 4006
,13,3197 4017 4000 4021 1012 2274 2275 2276 5187 4012 2215 5193 4006
,69,2263 2277 2265 4001 2256 1008 2278 4033 2279 4008 2157 4006 2280 2281 2282 2239 4012 1067 2283 2284 2021 5186 4039 2074 4034 4033 1090 2263 2285 2265 4001 2286 5187 4012 2287 2288 5187 4012 2289 2290 4012 4008 2291 2292 4021 1107 2256 4008 2010 5192 2293 2280 2294 4021 4008 5040 5052 5057 5039 5182 4034 4012 4005 2257 4021 2258 2295 4033 1082
,61,5137 5007 5042 5194 4006 4001 1069 2296 5182 4008 5021 5007 5177 5019 4017 2306 2297 4012 2298 4021 4008 2299 4022 4021 1112 2180 5182 2074 5194 4021 4005 2625 4012 4001 2300 2301 2302 4025 2060 5178 1156 5137 5007 5042 5194 4006 2303 5182 4007 2304 2305 4005 4017 5042 5178 4033 2062 2041 4021 5140 4029
,47,2026 2306 4022 4008 2307 4001 2308 4025 2309 4028 4006 1128 2310 4020 5042 5178 4033 1129 2297 1109 2298 4021 4008 2299 4022 4006 2180 5182 2074 5194 4021 4005 2625 5197 4001 2300 1014 2306 2311 4021 2312 4025 2060 5178 2313 5193 4029
,57,2196 2314 4025 2315 5194 4021 2316 2317 2233 5182 4000 2168 4008 2227 5193 4025 4021 2318 2319 4037 2320 2321 4031 4021 1154 2206 4021 5021 5007 5177 5019 4017 2322 1116 2233 2323 5182 4000 2324 5011 4025 2321 5192 4028 5178 5181 2236 2015 4012 2325 1084 2227 5193 4025 2326 4021 1080
,26,5021 5007 5177 5019 4017 4008 2236 2015 4012 2325 5182 4007 2327 2225 4025 4012 2316 2317 2242 4012 4008 2328 4037 2018 4035 4017
,38,2329 4000 5058 2325 1084 2233 2323 5182 4000 2314 4001 5178 1142 2196 5030 4001 2330 2331 4020 1044 1156 1151 2015 4022 4007 2332 4021 2067 2333 5141 4006 5181 5021 5040 4021 2192 4021 4029
,22,5021 5007 5177 5019 4017 4007 2334 4033 1150 1131 2030 2006 4025 4033 2007 4022 4021 1154 2625 2310 4007 4029
,41,4008 5187 5035 5182 4008 2215 5193 2335 2306 2261 4007 2336 2337 2338 5194 4021 4021 4000 4021 1012 5178 5059 5194 5014 4034 5040 5187 5060 5061 2214 5182 4008 1155 2196 2306 2303 2246 2015 2058 4020 4006
,19,4008 5187 5035 5182 1008 2196 2297 4012 3244 4027 2246 2339 5000 5001 2074 5194 4021 4017 4034
,29,2320 5059 4033 4022 4017 5060 5061 5182 4000 4021 1113 3244 4027 4021 5187 4025 5192 2340 2341 5197 4001 4033 2342 5143 2343 4017 5193 4017 4034
,54,5000 5001 5062 4033 4034 5007 5187 5177 2303 5182 4007 5059 4033 4022 4017 1127 1138 2010 5192 5060 5061 5000 5001 5182 4008 2344 2345 4000 5029 5144 2303 1019 2346 2031 5182 4033 1088 1115 2347 2348 4031 4008 2349 4040 2021 4031 4029 1156 2350 4025 4033 2007 4014 4006
,48,2196 5030 4001 1069 2296 5182 4007 1125 2351 2352 2353 4012 4000 2354 4020 2168 2306 2297 1114 2355 5182 4000 4033 2059 5193 4008 5187 5035 2297 5016 5063 5011 2356 1138 1116 2348 4031 4008 2357 4025 1126 1083 1112 2330 4012 2192 4021 4017
,50,5064 5061 5062 5042 2358 2183 4033 2359 4001 2360 1155 5065 5015 5026 4033 4022 4034 2361 2362 2363 1094 2364 4017 4021 4008 3197 4008 1085 2202 2297 4012 1138 2365 5194 4021 4021 1154 1151 2015 4039 2366 5066 5067 5025 5057 5046 5177 2192 4021 4029
,45,2367 4021 2368 1155 5201 5068 5065 5015 5026 4033 4022 4034 2369 4021 1008 2342 2370 2371 5187 4012 4001 1023 2364 4017 4006 1025 2372 2215 5069 2018 4031 4021 1154 5057 5046 5177 2373 5182 4008 2248 5178 1125 2192 4021 4029
,54,2374 5190 5041 4034 2086 4021 4008 2375 2376 4008 2299 4022 1115 2377 4000 4021 2378 5178 2379 5182 4008 2299 4022 1085 1125 1116 5065 5015 5026 4033 4022 4034 2364 4017 4021 1154 2358 2183 4033 2359 5182 4007 2194 5070 5071 5177 4005 5202 4033 4034 5072 2192 4021 4029
,25,4025 5187 4025 4000 5182 4000 2380 4020 2381 2382 4012 2383 4033 1090 2041 4022 4021 1154 2384 2385 4039 2386 2192 4021 1080
,64,2387 2388 5178 2389 5026 4017 5041 4034 2774 2346 2031 4021 2129 5194 4021 4025 5187 5035 2390 5069 2391 4033 2392 2393 4033 2394 4008 2395 5069 4033 2248 4020 2028 2234 5020 5182 5022 5178 4034 5073 5198 4025 5187 4025 4000 5182 4000 2396 4031 4021 4008 2384 2397 4025 2398 4039 2386 4021 4007 2399 1025 2400 4021 1006
,47,1131 2115 5182 4008 4025 5187 5035 2401 5182 4000 2396 2242 4012 2006 4025 4033 1090 2018 4031 4021 1127 1138 3197 4000 2380 4037 2074 5194 4021 2381 2382 4012 2383 4033 1090 2041 4022 4021 1127 1138 2384 2385 4039 2386 2192 4021 1080
,41,2385 4039 2386 2402 4028 5178 5181 2010 5192 4006 1114 2028 2234 4007 2020 4008 4021 5187 4025 5192 4006 2067 4001 2403 2101 5028 1156 2384 2385 4039 2386 2404 2125 5022 5037 5198 5011 5178 2192 4021 4029
,27,5021 5007 5177 5019 4017 2108 5182 4008 2405 4025 2007 4033 4022 1085 2406 2196 2407 4012 2246 2408 2031 5182 4033 2007 4022 4017 4034
,35,2109 4025 2276 4021 4000 2409 4020 1138 2625 4025 5192 2108 5182 4008 2405 4025 4033 1088 1047 1103 2410 2310 4033 4022 2115 5182 4008 2625 4025 5192 2411 4025 4033 1088 1047
,29,2201 2412 2407 4012 2413 2229 2408 2031 5182 4033 2007 4031 4036 1103 5042 5194 5014 2414 5182 4007 2415 2416 5074 5007 4034 5074 2192 4021 4029
,34,2417 2418 4008 2419 2171 4001 5178 2407 4012 2363 2409 4037 2074 5194 4021 2420 4008 2421 2422 4008 1138 2423 2031 5182 4033 2007 4035 4054 1065 2199 4021 2200 4025 4006
,43,5019 4017 2084 2424 1156 2425 4008 2084 2426 2427 4031 4021 1154 2428 5014 5181 2429 5011 4017 2020 4025 2195 1025 2430 2431 4031 4021 1101 1156 1151 2015 4022 4007 2366 4033 5022 4025 5203 5021 5051 2192 4021 4029
,27,5203 5021 5051 2424 1156 2432 2433 2054 2427 4031 4021 1154 5029 5067 2434 2435 2436 4021 2437 4021 4008 2020 4025 2195 2013 4022 1022
,27,2438 2439 2173 2440 1130 2427 4020 4021 1127 1138 3197 2441 2442 4021 1083 1127 1138 1116 2020 4025 2195 4008 2192 4025 4033 1088 1022
,33,2201 5203 5021 5051 2443 1156 2228 2107 2444 2440 2427 4020 4021 1127 1138 3197 2441 2445 2446 1110 2447 4040 2041 4022 4021 1127 1138 3197 4008 2192 4025 4033 1082
,32,4021 4017 4006 2448 1021 2449 4006 4001 2450 2192 4021 5203 5021 5051 2559 1106 2451 4012 4001 1154 5019 4017 2452 2430 4033 2431 4031 4021 1101 2313 5193 4029
,33,2298 4033 2410 4008 2453 4020 1115 2306 2297 4012 4000 5181 5186 4022 4017 2454 2423 2031 5182 2136 4036 1156 5021 5007 5177 5019 4017 2306 2386 2125 2192 4021 1040
,84,5177 5021 4022 5202 5029 4025 5040 5187 2455 5178 2456 2457 4012 4000 2458 5075 2326 4001 5178 2307 5182 4011 2011 5076 5182 5019 4025 2459 2460 4033 1088 1011 5021 5007 5177 5019 4017 2306 2303 4021 2194 5191 5181 5051 4017 4033 4022 5016 4025 5178 4006 4028 5040 4033 5016 4025 5178 4006 5190 5077 4034 2047 4000 5177 5026 4022 5042 5194 4006 5011 4034 4039 2454 2461 5145 4006 2177 5011 4025 2246 2462 4025 4031 1047
,14,2463 2625 4025 5192 2423 2031 5182 4033 1108 1059 1128 2187 4033 1082
,65,1131 2115 5182 4008 2337 2464 4012 4009 2248 4020 5021 5007 5177 5019 4017 2306 2303 5182 4007 2465 5011 4031 4034 5191 5078 4021 2410 4008 2453 4020 2129 4001 5178 2106 2297 4012 4000 5182 1138 5181 5186 4022 4017 2466 4021 4008 2157 4006 5021 5007 5177 5019 4017 2306 2386 2125 4012 1045 2462 4033 4021 1154 2129 4019 4006
,25,2322 5177 5026 4022 5042 5194 4006 5011 4034 4039 2454 1138 2461 5145 4006 2177 5011 4025 2462 4025 4031 1047 2313 5193 4029
,47,2467 2468 5011 4034 1079 5177 5026 4022 5042 5194 4006 5011 4034 4039 2454 2469 4031 1101 1124 2192 4021 1011 2625 2297 4012 1019 2372 5182 4000 2470 4031 4021 5193 4001 1154 2471 2472 2473 4025 4033 1088 1018 1127 1138 2310 4007 4029
,23,2474 5011 5004 5178 2423 2031 5182 4033 2007 5178 2115 5182 4008 2101 5028 1103 2625 2201 2192 4021 2129 4014 4029
,21,5190 5014 5016 4025 2044 5191 2045 5020 5182 5181 5015 5019 2475 5018 4022 5058 4039 2478 2074 4019 4029
,34,5000 5001 5182 1008 2475 2068 2001 1097 5025 5024 2074 5194 4021 5020 5182 5181 5015 5019 2476 2477 1097 5018 4022 5058 4039 2478 5079 5193 4001 2475 2345 2074 4019 4029
,43,2018 5178 2479 5182 4008 5047 5181 5007 5039 2480 2363 5182 1155 2481 5182 4008 2480 5190 5014 5016 4025 2482 5000 5181 4031 5022 5199 5190 5012 2483 2086 5191 2482 5020 5182 5022 5178 4017 2484 2485 5193 4017 4034
,32,2486 5018 4022 4025 5178 5017 2072 5182 4008 5018 5186 4031 4025 5080 2487 4021 2194 5032 4034 5016 4006 2214 5182 4008 2488 2489 5146 2490 2314 4021 4017 4034
,42,2261 5194 4006 5147 5046 5081 2072 5182 4008 5191 4025 5019 4025 5082 5198 2214 5182 4008 1138 5083 5061 5187 4022 4017 2072 5182 4008 5040 5079 5040 5199 5021 4034 2214 5182 4008 1138 2490 2314 4025 4033 1082
,23,2320 5148 5035 5026 5079 4001 5004 4025 5079 5205 5036 5083 2033 4020 2072 4012 4008 1138 2490 2314 4025 4033 1082
,46,5018 4022 5058 4039 2478 2491 5197 4001 2074 5194 4021 5020 5182 5181 5015 5019 4031 4000 2304 2234 5149 5059 5000 5181 4031 5022 5199 5190 5014 5016 4025 2492 4012 5144 5178 5056 5059 5059 5051 4021 4017 2484 2485 5193 4017 4034
,27,2493 5178 2314 4025 4033 1133 2490 4012 4008 2494 2314 4021 2495 4012 4000 5020 5182 5181 5015 5019 2059 5069 4025 2021 5186 4022 4029
,41,5020 5182 5181 5015 5019 5018 4022 5058 4039 2478 4022 4008 2496 2186 4022 4012 1152 2497 4020 1037 2022 2155 2379 4012 4000 2498 5192 2129 4033 4021 1154 5190 5014 5016 4025 2499 5187 4012 2192 4021 4017
,22,2500 2029 4007 2035 2214 5191 2045 1154 5148 5051 5181 5014 2475 2387 2501 2502 5069 4025 2021 5186 4022 4029
,29,2214 5191 2045 1154 2129 5194 4021 5059 5084 5177 5177 5002 4033 5014 2503 5193 4021 4000 4021 1012 5051 5181 5014 1062 2504 4000 2227 5193 1040
,26,5051 5181 5014 2505 2506 4006 2018 5178 2507 4033 2379 1049 2508 2509 2510 2625 1123 1160 2119 2504 5131 2314 4025 4033 1088 1080
,40,2035 2214 5191 2045 1154 2473 4025 4033 2007 4022 4021 5193 4001 4021 4017 4006 2511 4012 4000 4021 2192 4006 2117 4037 4044 2504 4012 4000 5051 5181 5014 5182 1123 2512 4021 4029 5177 5002 4033 5014
,17,2513 5178 2107 4000 5085 5084 5177 2303 5086 5191 2514 5194 4021 4050 5051 5181 5014
,18,4021 5206 5191 4000 5182 4000 2515 1110 2021 5186 4022 2625 2516 5178 2107 2188 4019 4029
,22,4021 5027 5196 2517 5150 5014 2088 2033 4020 2087 4012 4008 2248 4031 1138 2518 4031 1138 2180 5194 4021 4050
,32,5138 5084 5087 2519 2520 4000 5000 5001 4033 2244 4021 4008 2211 4021 5051 5181 5014 5029 5039 4022 4017 4008 2233 1046 2521 4033 2520 4000 4033 2211 4021 4029
,21,2522 5182 4008 2323 2523 1154 2524 4021 4017 4006 4000 5085 5084 5177 2379 5182 4000 4021 2260 4007 4029
,25,2525 2107 4008 2415 2523 1127 1138 2233 1049 2044 4021 2067 4012 4008 2526 1049 2527 5191 2045 1127 1138 2510 2506 4021 4029
,13,2528 5178 2107 4008 5046 5070 4034 2480 2523 1154 2328 4007 4029
,24,2529 5178 2107 4008 2530 1049 2524 4021 2067 2531 1127 1138 2532 2107 2533 2489 5191 2045 1127 1138 2504 2506 4021 4029
,16,2534 5178 2107 4008 2535 2393 1049 2536 2132 5181 2067 2045 1154 2129 4019 4029
,18,2537 5178 2107 1008 2390 2107 4012 4001 2154 1049 2538 2067 2489 2539 1111 2328 4007 4029
,14,2540 5178 2107 4007 2541 5182 4008 2542 5191 2045 2504 2506 4021 4029
,17,2228 2370 2436 5187 4012 4001 2507 4033 2379 1049 2543 2539 1154 2473 4025 4033 1050
,13,2544 2214 5191 2045 1154 2475 2502 5069 4025 2021 5186 4022 4029
,23,2228 5190 5014 5016 4025 2545 5182 4008 5181 4022 5043 5027 5029 5022 5088 5198 2214 5191 2045 1154 2129 4019 4029
,23,2625 5197 4001 4033 1098 2461 5145 4006 2546 2214 5191 2547 1114 2355 5182 4000 5051 5181 5014 2059 5069 5192 4029
,19,2548 2549 2264 5178 2389 2214 5191 2045 1154 2502 5193 4029 5059 5084 5177 5177 5002 4033 5014
,14,2550 5011 4025 2461 2107 4012 4001 4033 1098 2551 2059 5069 5192 4029
,28,5025 5024 5182 4008 2215 5193 2552 2553 4039 4033 2379 4012 4001 1154 2625 5197 4001 4033 2510 2554 2132 4033 1082 2199 4021 2200 4025 4006
,12,2551 2059 5193 2320 2464 4012 4009 2625 2310 4020 4021 1109
,20,2029 4007 2555 2556 5182 4005 2145 4021 4021 5027 5196 5191 2552 2553 2179 4037 2557 4025 4033 1082
,40,1131 2224 4033 2379 5182 4008 5058 4017 1138 2299 4022 4006 2214 5191 2045 1154 5058 4017 2129 5194 4021 2276 4021 4008 2558 5182 1110 2187 4014 4013 2313 5193 4029 5059 5084 5177 5177 5002 4033 5014
,31,2214 5191 2045 2510 5182 1008 2551 2059 5193 4005 1138 2086 2330 2539 1154 5059 5084 5177 5177 5002 4033 5014 2473 4025 4025 2309 5178 1124 2180 4014 4006
,27,2559 5193 5026 4017 2560 4000 2561 4033 4034 5034 5042 2562 4008 2013 2010 5192 4021 1154 2214 5191 2563 2499 5187 4012 2192 4021 4017
,22,2086 2330 2539 1111 2510 2506 4006 2074 5194 4021 5022 5178 5007 5004 5198 5186 4017 2475 2551 2059 5193 4029
,38,2510 2554 2276 2564 2059 4031 4021 5193 4001 1077 5177 5002 4033 5014 2551 2059 5193 1020 2086 2330 2539 2510 4001 2625 2473 4025 4033 2007 4031 4021 5193 4001 1155 2565 4012 2442 4021 1086
,33,5079 5050 5029 2214 5191 2482 1154 2546 4012 2500 2029 4007 2214 5191 2045 1049 2566 2067 2531 1156 2461 2022 2504 4012 4008 1138 2546 4012 2473 4025 4033 1088 1047
,29,2214 5191 2045 1154 5148 5051 5181 5014 5182 1138 5055 5089 5177 5079 5050 5029 5182 1154 5181 5014 5026 5191 4034 5186 1138 2010 5192 4017 4034
,27,2029 2393 4021 4007 2022 5146 1131 2461 2567 2510 4012 4008 1138 2546 4012 2473 4025 4033 1090 2129 4033 4006 2199 4021 2200 4025 4006
,18,5016 5028 4033 5003 5039 5011 5069 2568 5182 4000 2569 4021 4005 2570 2571 4012 2017 5178
,22,2129 2086 2572 4008 2573 2574 4000 2575 5178 1103 5178 5014 5016 4025 2044 5191 2482 5024 5025 2310 4007 4029
,25,5059 4034 5090 4034 5043 5003 5039 5011 5069 2390 5069 4001 1100 2035 2568 2099 2030 2031 4006 2576 2577 2578 2031 4021 1080
,48,5016 5028 4033 5003 5039 5011 5069 2568 2579 2155 2580 2581 2372 5182 4008 2129 4001 5178 1125 2582 2029 2583 1153 2584 4021 4007 2560 4000 2585 1154 2586 4006 2035 2568 2099 4031 4021 5193 4001 1155 2556 4012 4000 2006 4006 2018 4014 4006
,22,2579 2011 5146 2587 4000 2500 2029 2177 5011 4025 2179 5151 2588 4021 4005 2500 4006 4001 2589 2017 4022 1080
,51,2505 2590 2591 4021 2592 2500 4006 4001 2593 1154 2129 5194 4021 2115 5182 4008 2155 2580 2581 5197 4001 2080 4031 4021 5193 4001 2008 4025 5004 5012 5013 5014 5182 4007 2100 5182 4007 2594 4008 1144 2500 2029 1019 2595 5146 2471 2596 2597 2132 4020 1040
,22,2100 1060 2113 4021 4008 2052 2031 4006 2117 4037 4044 2035 2568 2099 4031 4032 1103 2582 2029 2206 4014 4006
,13,2568 5182 4000 2569 4033 4006 1130 5059 4034 5192 4021 4007 2598
,13,3197 5193 4001 1155 2089 2346 4012 1138 2215 5069 2018 4014 4006
,29,1131 2568 2569 4025 4033 2007 4022 4005 2599 2480 5187 4012 4008 2270 2103 4006 2600 2601 2003 5187 4012 4001 2602 2603 4025 2007 4033 4022 4027
,9,2270 2577 2054 5197 4001 2536 2149 5026 4006
,21,2463 2017 4025 2309 4020 2589 2129 2086 5187 4012 5152 1138 1130 1076 5059 4034 5192 5178 2604 2060 5178
,14,2568 5182 4000 2569 4021 4005 2140 2571 4012 2605 5131 2129 4025 4027
,18,5016 5028 5003 5039 5011 5069 2579 5182 4008 2606 4001 2500 2029 4007 2607 1130 1075 2588
,15,2463 2500 4021 4007 2608 4034 5187 4012 4001 2183 1122 2609 2610 4014 4006
,27,2018 5178 2611 5178 2389 5190 5012 2188 5194 4021 2344 5026 5206 5040 5005 4034 4021 4008 2553 1154 2179 2030 2031 4021 2010 5192 4032
,13,2612 2613 2614 5193 4008 2573 2615 4021 4000 1131 2553 2575 5178
,27,1131 2553 4022 4008 2616 2617 2618 4012 2619 4008 2395 5193 4025 2060 5178 1156 2620 2041 4021 2010 5192 4032 2313 5193 4029 5024 5025
,52,4008 5187 5035 5182 4008 2621 4007 4005 2603 4025 4033 1090 2079 2622 4012 4008 2497 4020 1115 4021 5027 5196 4034 4012 4001 2196 2089 2323 4012 4000 5182 1138 2031 5182 4027 1103 2196 2332 4021 2067 5191 2482 5013 5004 4033 5051 5022 4031 2623 2310 4007 4029
,42,4008 5187 5035 2343 4017 5193 1115 5013 5004 4033 5051 5022 4031 2624 2079 2622 4012 4008 2497 4020 1115 4021 5027 5196 4034 4012 4000 5191 2239 4006 2625 4012 4007 2447 4012 4000 4025 2178 4022 5091 4019 4029
,14,4031 5030 5061 5011 4031 4008 1115 2622 4000 2625 2475 2626 4022 4029
,16,2627 2054 4009 2447 2628 4012 4000 2178 4044 4021 2180 4040 2021 5186 4022 4029
,46,5153 4025 5192 4005 2629 5154 4012 4001 2630 5058 5187 4025 5192 2631 5131 2010 5192 4032 2632 2633 5191 2031 4031 4032 1103 2634 2054 1123 1138 2079 2622 4012 4008 2010 5192 4021 5027 5196 4034 4012 4009 2625 2623 2310 4007 4029
,35,5018 5092 5178 4033 1008 2001 1097 4031 5061 2635 2636 4006 4001 5191 2343 4017 5193 2625 2320 2476 2477 1097 4031 5030 5061 5011 5030 4001 2637 4006 5191 2343 5181 4033 1050
,14,5000 5079 4001 5192 4021 4008 2010 5192 2622 4000 2625 2626 4022 4029
,24,2638 4032 5194 5063 1114 2113 4021 4008 2010 5192 2408 4033 2639 4012 4007 2640 2641 2642 4012 4000 2625 2643 4021 4029
,27,2644 5026 4021 4025 5056 2644 4012 2645 4012 4000 4008 5187 5035 2635 2125 4012 5013 5004 4033 5051 4031 1123 2243 2646 4021 4017 4034
,42,2072 5182 4008 2647 2648 2031 5182 4033 1088 1115 4021 5027 5196 4034 4012 4000 5191 2239 4006 2625 4012 4001 2649 2650 5187 4012 4000 5182 1138 2117 4039 2651 4033 2652 4012 4000 5182 1138 2625 2132 4007 4029
,18,2320 4031 5030 5061 5011 4031 4008 2010 5192 2029 2653 5182 1107 2625 2654 2179 4007 4029
,59,4021 5027 5196 4034 4012 4000 2625 4025 5192 4006 2340 2113 5187 4012 4008 2655 2656 4031 4006 1017 1138 2079 2622 4012 4008 2010 5192 4021 5027 5196 4034 4012 4001 1138 2634 2054 5197 4001 1138 2055 2657 4012 4000 2031 4006 2658 4033 4006 1017 1138 2029 4033 2653 5182 1107 2625 2659 4021 4029
,28,2079 2622 4012 4008 2660 5178 4021 5027 5196 4034 4012 4001 4021 2661 4008 5187 5035 2029 2031 4006 2662 5178 1103 2625 2663 2192 4021 4029
,38,2625 4011 4008 5187 5035 4001 1155 2196 4021 2664 5190 5093 4025 5026 5194 5019 2415 4021 2664 5044 4025 4034 5178 5027 5177 5039 1049 4008 5187 5035 2125 4012 1138 2343 4017 5193 4017 4034
,25,2320 2665 4012 4005 2666 4006 2157 4025 4033 1088 1085 4025 5056 2644 4012 4000 2667 5178 2379 4012 4000 2625 2626 4022 4029
,24,4025 5056 2644 4012 4000 2667 5178 2379 5182 4008 2196 4031 4000 5191 1056 2668 2225 4025 4012 2328 4037 2018 4035 4017
,37,4025 5056 2644 4012 4000 2667 4020 2320 5207 4021 5027 5196 4034 4012 4000 2655 2656 2557 5182 4027 1103 2310 4037 4025 5056 2644 4012 4000 2667 4037 2018 4014 4006 4008 5187 5035 2029
,42,5013 5004 4033 5051 5018 5092 5178 5005 2343 4031 4021 5193 4001 2669 2638 4033 2072 5182 4008 5016 5028 4021 2670 4001 1138 2671 4033 2072 5182 4008 5014 5039 5025 5186 5178 5028 4001 1138 2012 2343 4014 4029
,36,5018 5092 5178 5005 2058 4020 4031 1107 2012 2345 4021 5027 5196 5138 5029 4025 4012 1049 4021 5027 5196 4034 2616 4021 2194 4012 1107 2625 2654 2031 4031 4029 1103 2180 4014 4006
,8,5022 5199 4033 4022 5191 4031 1107 2249
,24,2672 4008 5187 5035 2366 5022 5199 4033 4022 5191 1049 2332 2234 5050 5084 5181 5003 5039 5177 5208 5177 2239 4014 4029
,26,4021 5027 5196 4034 4012 4001 1155 2317 4033 2379 4012 1049 2647 2648 4001 1154 2196 2505 2673 2674 2577 2675 2676 4037 4021 1080
,21,2677 2500 2029 2678 4021 2679 2103 2680 2317 2681 4039 4012 4000 5182 1138 2196 2132 4037 2010 5192 4006
,24,2559 1113 2682 5187 4012 2649 2650 5187 4012 2085 4022 2683 2684 2685 2317 4033 2652 4012 1138 2505 2132 4033 1088 1086
,16,2638 1049 2671 4033 2072 4012 4001 1154 2686 2687 4012 4000 2196 2132 4020 1080
,15,2428 5014 5181 2277 2103 2688 2689 4012 4000 5182 1138 2196 2132 4020 4006
,22,4021 5027 5196 4034 4012 4007 2690 5194 4021 2117 4012 4000 2691 4025 1131 2688 2689 4012 2132 4033 1088 1086
,30,2201 2638 1049 2671 4033 2072 5182 4008 4021 5027 5196 4034 4012 4001 1154 2230 2203 2117 4012 4000 2099 5133 1009 1127 1138 2196 2676 4037 4021 1080
,20,2677 2692 2671 4033 2072 5182 4008 2327 2019 4021 2036 5187 4012 4000 2196 2038 4037 2018 4014 4006
,23,2693 2694 2027 4033 4006 2695 2696 2435 5187 4012 2697 2698 4012 2699 2099 5178 2379 4012 4008 2196 2299 4022 1080
,44,2150 5030 4001 5191 2343 4017 5193 5021 5007 5177 5019 4017 2635 2125 4012 2377 4000 2001 4021 1008 2700 4037 2150 2125 4012 2701 5011 4017 2177 5182 4008 2372 2498 5186 4022 4021 1154 2702 4012 2159 4020 2010 5192 4017
,38,2150 4031 4008 2215 5178 2635 2553 2361 4008 2349 4040 2021 4031 4021 5193 4001 1154 5021 5007 5177 5019 4017 4000 5191 1056 2282 2635 2567 2125 4012 2703 4039 4001 5191 2343 4017 5193 1001
,32,2337 2339 5052 5094 5187 4022 4017 4008 1037 2553 2215 5178 4021 5178 5021 2704 5197 4001 2150 5156 5046 5177 2001 4021 4008 2343 5181 4021 2705 4037 4017 4034
,28,2001 2706 4021 2631 5146 1125 2625 4025 5192 4000 2001 4021 1008 2707 5207 2700 4037 2150 2125 4012 2372 2179 4020 4021 1112 2180 4014 4006
,16,1074 2330 4000 5052 5094 4022 5187 4022 4017 5055 5177 4022 2151 2013 4022 1004
,37,2001 2708 1123 2635 2125 4012 1136 2472 2709 2020 4000 4021 2192 4021 4021 5193 4001 1127 1160 2625 4025 5192 3244 4027 2700 4037 2041 4033 2007 4022 4021 1110 2310 4033 2007 4014 4006
,16,2467 2559 1046 2710 2711 1138 1062 2151 2702 5182 4008 2013 4033 4022 4031 1101
,55,2712 2713 2265 2714 1116 2635 2125 4012 3244 4027 2150 2125 4012 4007 2398 4022 4008 2157 4025 4033 1088 1029 1127 1138 2715 4021 1107 1158 2150 2635 2125 4012 1107 1158 2248 4031 4021 5193 4001 2625 4012 4001 2100 2132 4033 4022 4031 1101 1121 1138 1072 2702 2310 4014 4006
,34,5157 4034 4025 5192 4005 1129 2716 1138 2101 5028 2313 5007 5193 2030 4001 2074 5194 4021 1096 2625 4025 5192 4000 2150 2125 4012 2411 4021 4021 1127 1138 2180 4014 4006
,32,2717 5191 2718 4021 4000 5182 1043 2720 4021 4000 2721 2031 4006 2117 4037 4044 2015 2058 5178 1150 2625 4012 4001 5021 5007 5177 5019 4017 2635 2722 4022 1004
,16,2625 4025 5192 2246 5021 5007 5177 5019 4017 2058 4031 4036 1124 2180 4014 4006
,28,2723 4007 2737 2480 4021 4008 5051 5095 5071 5177 4039 4012 1107 2724 5194 4021 2725 2726 5182 4008 5055 5089 5177 2125 2472 2365 4019 4029
,7,2129 2727 2728 5194 4021 4017 4034
,58,5096 5051 2729 4012 4008 2246 2263 2724 5194 4021 1131 2726 5182 4008 2730 5182 4008 2731 2732 5194 4021 5096 5051 5055 5089 5177 2002 2125 5191 5019 4017 5194 4021 5040 5187 2718 2113 4021 4008 1144 2365 5194 4021 4021 1154 2415 5055 5089 5177 2733 5029 5059 5021 5186 5097 2192 4021 4029
,32,2489 2734 5182 4000 5191 2514 5194 4021 5026 4017 5177 4022 5029 5192 4034 5044 5191 5187 4025 4034 2085 4022 2735 1131 2726 5182 4008 2728 5194 4021 4017 4034
,27,2736 5022 5206 5040 5182 4008 1037 2567 5055 5089 5177 2125 4012 2737 5030 4001 2738 5194 4006 2343 4017 5069 2372 2179 4037 4017 4034
,26,5044 5058 5182 4025 4034 2739 2740 2741 5178 2054 5197 4001 5190 5014 5016 4025 2061 5020 5182 5181 5015 5019 2511 2192 4021 1040
,38,4034 5178 5096 4017 4000 2742 2743 2242 5182 1154 5021 5007 5177 5019 4017 2015 4022 4000 5191 2514 5194 4021 2744 2745 4012 2408 2031 5182 4033 4039 4031 4021 1154 2196 2246 2206 4021 4006
,20,2196 4031 4008 2327 2108 4012 4008 2405 4025 4033 1088 1115 2625 4012 4008 2746 4012 2407 4012 2747
,43,4001 5199 5022 4021 2108 4012 4008 2405 4025 4033 1088 1085 2748 2407 4012 4000 2408 2031 5182 2549 2282 5178 2389 2560 2749 4025 4033 1088 1018 1154 2028 2542 2750 2013 4022 1115 2254 4008 2192 4025 4033 1088 1080
,49,2625 4025 5192 1107 4033 5206 5057 4033 1049 5199 5016 5026 5198 5077 4034 2108 4012 4008 1037 2212 2668 2594 1138 5022 5199 5177 5019 4017 2108 5182 4008 1037 2472 1138 5014 5015 2108 5182 4008 1037 2270 2594 1138 2411 4025 4033 2007 4035 4054
,13,2751 2744 2594 2752 5182 1126 1083 1154 2542 2750 2192 4021 1080
,24,1131 2107 2468 2753 2745 4012 2411 4025 4033 1090 5190 5083 5039 1067 5021 5007 5177 5019 5098 4001 2331 4033 1088 1047
,27,2322 2025 5131 2744 2594 2411 4025 1126 1031 1043 1131 2107 2751 2754 2745 4012 4000 2196 2408 2031 4021 1080 2199 4021 2200 4025 4006
,36,5158 5018 5182 5019 2755 2613 4021 4007 2194 5203 5057 5051 5029 4017 5099 4022 4017 4000 2171 4033 4006 2150 5030 4001 2022 1103 2703 4022 4007 2366 5203 5021 5051 2310 4020 1040
,14,2756 2757 5182 4008 2215 5193 2464 2249 4008 2625 2758 2192 4021 4029
,17,5029 4017 5099 4022 4017 2759 4011 2760 2060 5178 1070 2761 5181 4033 4022 2060 5178
,16,2150 4031 4007 2183 4001 2559 2022 1016 2762 2379 4012 2261 5194 4006 2215 5178
,24,2559 5193 5026 4025 2015 4022 4007 1099 2146 2125 4012 1138 2297 4012 1138 2763 1138 2764 1138 2765 4039 2018 4035 4054
,25,5158 5018 5182 5019 2613 2145 4006 4001 2766 1104 2573 2716 1127 1160 2010 5192 4006 1105 1138 5203 5021 5051 2310 4020 1040
,53,2028 2767 2768 2234 4025 5029 5181 5040 4033 5181 2769 5182 4008 2119 2770 2771 4031 4021 4000 2117 4037 4044 2772 4025 2153 2019 1120 2770 2771 2060 5178 1103 5026 5187 5007 4034 5177 2616 5182 4007 2773 2194 5014 4025 5044 5199 5182 5040 5187 2020 2192 4021 1040
,42,2774 5182 4008 2775 4033 2520 4012 2776 4039 2777 4012 1049 2778 4012 2035 2779 4021 2780 2177 4012 2163 1025 2659 4025 4033 4039 4031 4021 1154 2337 2234 4025 5029 5181 5040 4033 5181 2310 4020 2129 4019 4029
,52,1145 2115 5182 4008 2781 5182 4007 2773 2194 1138 2028 4033 2782 4021 4007 2304 2008 1138 1155 5014 4025 5044 5199 5182 5040 5187 2772 4025 2153 1120 2770 2771 1126 1032 1103 4025 5029 5181 5040 4033 5100 4001 2783 4020 2129 4033 4006 2784 4000 2575 4020 1080
,31,5159 4034 2505 2542 2234 5040 4021 5178 4033 4034 4021 4007 5051 5095 5071 5177 4022 2785 4025 2334 4012 1025 2400 4021 1006 1065 2199 4021 2200 4025 4006
,23,4001 5199 5022 4021 2786 4021 2787 4008 2788 5011 4017 2113 5187 4012 4008 5021 5199 4025 2789 2059 5069 5192 4006
,50,5160 5019 5021 4021 5022 5199 5025 4022 5062 4034 4021 4031 5037 4021 5022 5096 5178 5194 4025 4034 5021 4031 5194 4025 4034 2033 4020 2790 2023 5187 4012 4008 2751 2010 5192 2791 2786 2113 5187 4012 4008 2792 5021 5199 4025 2789 2059 5069 5192 4006
,49,5093 5022 5005 5101 4017 2793 5161 4025 5030 4017 4022 4034 2587 4008 2542 2234 1154 2129 5194 4021 5190 5027 4021 5074 5040 5029 4000 2454 4005 2423 2031 5182 4033 4022 2240 2787 2794 4021 4008 2022 2113 4021 4000 4033 2059 5193 2129 4019 4006
,41,2063 2246 2795 5187 4012 4008 2248 4020 2008 5194 5045 5194 5014 4034 5048 5079 5026 5187 5007 4034 5177 5040 5029 4000 2796 2070 4007 2083 5182 4000 2054 2797 4006 2041 4022 4017 4034 1103 2199 4022 4029
,33,4001 5199 5022 4021 2786 4021 2787 4008 2221 2103 4006 4001 1138 2798 2799 4012 4008 2800 2446 2594 4021 5187 4025 5192 2801 4012 4000 2802 2803 5194 4021 4017 4034
,42,5014 5015 5026 5178 4017 5064 5181 4021 2296 5182 4008 2202 2804 2805 5191 2806 4021 5181 2546 4012 4001 1155 2807 2808 4008 5102 5034 5040 4006 5190 5098 5022 5199 5103 5079 2809 4033 2810 2811 4017 5193 4006
,17,2736 2196 2811 4017 5193 2809 4033 2810 5187 4012 4007 2111 2501 1154 2567 4019 1080
,40,2812 5182 4008 5191 5178 5045 5198 5199 5187 5191 5194 5014 4034 5104 4025 4034 4001 5051 4034 5000 5192 4021 5039 2813 2814 2804 2805 5191 2806 4021 5181 4008 2278 4033 2810 2811 4017 5193 4017 4034
,25,2815 2546 4012 4001 1155 2230 2804 2816 4008 5037 5199 5177 5044 5061 5057 4031 5194 4021 2278 4033 2810 2811 4017 5193 1040
,53,2817 5178 2818 2108 5182 4008 2819 5076 4006 2157 4021 1007 1138 2031 5011 4021 2459 4006 4001 1154 2821 2178 4022 4025 2136 4013 1103 4008 5187 5035 2635 4021 4007 2304 2822 5191 4034 4021 5105 4017 5104 5026 2310 4020 1083 1154 2330 4012 2159 4020 2010 5192 4017
,38,2621 4007 5055 4006 2823 5182 2074 5194 4021 2408 4033 2639 4012 4007 2194 4012 2806 4039 4025 2761 5181 4033 1082 2011 5146 2372 5018 5092 5178 5005 2591 4021 4008 2215 5069 2018 4014 4006
,34,2559 4008 2595 1154 2074 5194 4021 1125 5105 4017 5104 5026 2824 2330 4000 2310 4020 4021 1154 4008 5187 5035 4021 4021 5027 5196 2825 5187 4012 4008 2702 2159 4020 1080
,11,5047 5187 4025 5192 5011 5004 5178 2430 4028 4021 4018
,4,2826 2060 4028 5178
,14,5058 4017 2459 2827 1114 2005 5182 4008 2828 4021 1107 2010 5192 4013
,12,2329 5047 5187 4025 5192 1138 2828 5131 2129 5187 4025 5192
,40,2313 4001 2829 2109 2302 4021 4005 1138 1070 2817 5178 2818 2108 5182 4008 1144 2819 5076 4006 2157 4021 4005 1138 2031 5011 4021 2459 4006 4001 1154 5011 4034 1123 1138 2821 2178 4022 4025 2136 4013
,32,1103 2591 4021 4008 2309 4020 1085 4021 4017 4006 2830 4012 1100 5105 4017 5104 5026 2310 4020 4021 1154 1116 2825 5191 2702 5182 4008 2192 4025 4033 1088 1080
,38,5014 5015 5026 5178 4017 5064 5181 4021 2296 5182 4007 2564 2348 4031 4000 2831 4033 4021 1154 2408 5191 2832 4025 5192 2616 4021 2194 5014 5004 5051 4031 5192 4031 4017 2676 4037 4021 1040
,13,2063 2625 2246 2013 4022 1115 2014 5182 4008 2310 4020 1018 1109
,49,5014 5015 5026 5106 4017 5064 5181 4021 2697 4033 2296 2564 2348 4031 4008 2489 2833 1154 5022 5199 4033 4022 5191 4031 4000 2028 2029 2637 4021 2129 4033 4021 1154 2159 4020 1115 2330 2573 2834 5086 5182 1138 2835 5086 5182 1138 2314 4014 4006
,62,5162 4021 4021 5027 5196 4034 4012 4000 2836 1087 2103 4025 2837 4008 2761 4017 5069 4001 2838 5022 5199 4033 4022 5191 4031 4000 5014 5015 4001 2637 4006 5191 2839 4025 2189 5178 2028 2029 4007 2607 5182 2840 2841 2202 2577 4001 1138 2842 2843 4021 2876 4021 4000 5067 5178 2844 4031 4021 1154 2027 4019 1080
,22,2845 2846 2847 4021 4008 2848 2849 5178 2850 2851 2628 5194 4021 2852 5182 4000 2853 2028 2029 2854 4020 1080
,86,5022 5199 4033 4022 5191 4031 1138 2855 2029 1138 2621 2856 4012 4000 2857 4037 2858 1122 2177 5182 4008 2621 4025 2459 2859 4021 1047 1103 2860 4021 4007 1120 2663 2010 5192 2026 2015 4012 2861 4006 2018 5007 5193 2115 5182 4008 2028 2029 3197 5193 4001 2862 5131 2084 2621 4025 2863 4001 2864 4025 2865 2866 4033 4006 2867 2621 4025 2459 4021 4008 2028 2029 4007 2868 5163 5035 5182 4006 1076 2869 4031 4021 1154 2010 5192 4006
,18,2028 2029 4007 1066 2870 4000 2408 5191 2832 4012 2616 2871 5011 4025 4025 2861 4014 4006
,27,5022 5199 4033 4022 5191 4031 4000 2637 4001 5178 2557 4031 4000 2872 4025 2873 2060 5178 1105 1138 2876 4021 4007 1019 2874 4014 4032
,25,2223 2875 2313 5007 5193 2177 5182 4008 2564 2348 4031 4008 2395 5193 4033 4021 5193 4001 2313 4001 1138 2620 2074 4019 1080
,24,2042 2028 2029 4007 2876 2877 4033 2870 4000 4025 2861 4001 5178 2005 5182 4008 2878 4031 4000 5058 4017 2831 4014 4013
,39,2500 4021 4000 5191 2514 5194 4021 2223 2875 4012 1049 2234 4012 3244 4027 2876 2879 5182 4000 2854 5178 2005 5182 4008 2878 4031 4000 4033 2831 4025 2060 5178 1142 2178 4039 5018 5192 4014 4013
,17,2758 5014 5004 5051 4031 5192 4031 4017 4021 4017 4006 2014 5182 4008 2192 4021 1040
,30,2880 2086 4021 4008 2881 4021 2194 2545 5182 4000 2882 2060 5178 1103 5014 5022 5044 4022 4034 2883 4021 2194 5007 5032 4034 5178 5056 2310 4020 1040
,16,2063 2625 2246 2013 4022 1115 2014 5182 4008 2310 4037 5071 5004 4033 4021 1109
,38,5201 5079 5031 4034 5021 2029 4000 2788 5182 4000 2884 4025 2561 2722 4022 2115 5182 4008 2213 2885 5201 5106 5099 4025 4012 1093 2220 5201 5106 5099 4025 4012 4000 2886 2887 2031 4021 1047
,15,2616 4021 2888 2053 2885 5201 5106 5099 4025 4012 4000 2398 4039 5019 4006
,33,2201 2616 2889 4031 4007 2560 4000 2857 4037 2173 5021 5199 4025 5201 5106 5099 4025 4012 2890 4021 2320 1130 2625 4025 5192 4000 2886 2887 2031 5182 2557 5182 4027
,29,2891 2892 1097 2084 2801 2119 5131 2059 5069 5201 5079 5031 4034 5021 2029 2789 2059 5069 5044 4022 4021 1154 2206 4021 4006 2053 2877 1155 2893
,28,2894 5182 4008 2215 5193 2895 2896 2897 2449 2015 4022 4007 2860 5014 5193 4001 1160 2898 2899 4021 4000 2900 5007 5182 2358 2901 2033 5178
,24,2329 2872 5201 5079 5031 4034 5021 2029 4000 2902 4037 2117 4037 4044 2624 2881 4021 2194 2545 5182 4000 2882 2060 5178
,15,2758 5007 5032 4034 5178 5056 4021 4017 4006 2014 5182 4008 2192 4021 1040
,58,5178 5186 5015 5003 4022 5107 5108 5027 4025 5181 5177 2903 4021 4007 2904 1092 2905 2906 4000 2418 4008 2907 4025 2100 4021 1011 2500 2029 4000 4025 2861 4006 2344 2908 2909 4008 5190 5014 5016 4025 1019 2910 2215 5178 1103 2911 5182 4007 2061 5020 5182 5181 5015 5019 2676 4037 4021 1040
,19,2063 2625 2246 2013 4022 1115 2014 5182 4008 2310 4037 5071 5004 4033 4021 2129 4033 4021 1109
,16,5000 5001 2909 2072 5182 4008 2912 5178 2141 2054 5197 4001 2913 2017 4022 1080
,35,5000 4017 4000 5182 4000 2914 4020 1115 2909 5201 5109 4034 2072 4012 4008 2915 2203 5014 5193 4001 1138 2798 2141 2054 2138 4021 2916 4000 2427 4037 2073 4040 2018 4035 4054
,93,5014 5016 4025 2029 4007 2415 5182 4010 5178 5186 5015 5003 4022 5107 5108 5027 4025 5181 5177 5015 5027 5110 4022 2917 5182 1008 2918 4033 4039 5178 2919 4021 2920 1092 2921 2349 5194 4021 2905 2906 4000 2922 1097 2021 5186 4039 2074 4040 2418 4008 2349 4033 4021 5193 4001 1155 2923 4012 2924 5131 2925 4040 2018 4035 4017 1105 1138 2559 5193 5026 4025 1104 2926 2105 2234 5059 5029 5029 2927 2658 4025 4033 1090 2041 4022 4021 1127 1138 2928 2054 2192 4035 4054
,63,2929 2917 5182 4007 2919 4021 2920 1092 2906 2418 4008 2349 5194 4021 4005 2419 2930 2452 2603 4025 2007 4033 4022 4027 1105 1138 2419 4012 2817 5201 4006 2931 5007 4017 5193 2932 2037 5178 1105 1138 2138 2916 2933 5131 2934 4039 2407 4012 4007 2608 2603 4025 2007 4033 4022 4027 1105 1138 2928 2054 2192 4035 4054
,46,2141 2877 5191 2893 5197 4001 4021 2415 2431 4001 5178 2234 5059 5029 5029 2935 4001 5178 2559 4000 4021 2936 4006 2937 2242 2006 5026 4021 2008 4025 5004 5012 5013 5014 4001 5178 2450 4021 4000 4021 2192 4006 4025 2021 4014 4013
,95,5178 5186 5015 5003 4022 5107 5108 5027 4025 5181 5177 2903 4021 4007 2919 4021 2920 1092 4025 5111 5030 5047 5080 2418 4008 2907 4025 2100 4021 1011 5014 5016 4025 2029 4000 4025 2861 4021 1138 2872 2559 4000 2936 4006 2937 2938 4020 1138 5014 5004 4031 5112 4034 2480 2909 2023 5190 5014 5016 4025 1019 2939 2940 4025 2941 2339 2202 2265 2092 4008 2909 2535 2208 1054 5190 5014 5016 4025 2942 2303 4021 2194 4033 5196 4025 5004 5017 5011 2214 5182 4008 2943 2910 2215 5178
,15,2758 5020 5182 5181 5015 5019 4021 4017 4006 2014 5182 4008 2192 4021 1040
,21,5164 5026 5061 5177 5019 4017 4008 2944 4012 4007 2893 4012 4005 2494 2202 2594 2365 5194 4021 4017 4034
,30,4033 4025 5079 5026 2945 4021 4008 2010 5192 5096 5061 2946 2480 4021 4008 2494 2720 2031 4021 2947 2361 4000 2944 4012 2948 4020 2949 2950 4020 4006
,15,2559 4008 2720 2031 4021 4050 4012 4008 2790 2594 2365 5194 4021 4017 4034
,30,5199 5041 5181 2945 4021 4008 5074 5113 5182 2480 4021 4008 2494 2720 2031 4021 5114 4033 2361 2951 4021 4008 2952 5194 4021 2645 1120 2953 4020 4006
,20,2559 4008 1116 2731 2644 4021 4021 4008 2718 2113 4021 4008 1144 2277 2594 2365 5194 4021 4017 4034
,27,2954 5182 4008 2952 4001 5178 2731 4012 1049 2955 4001 2494 2956 5178 2718 5187 4012 5164 4025 4017 4008 2957 2215 5069 2018 4035 4017
,19,5164 4025 4017 4008 2958 2959 1091 2960 2436 1152 2961 2841 2962 1138 2798 2494 2365 4019 1047
,12,2963 2594 2728 4019 1047 1103 4000 5058 2014 2192 4021 1080
,22,5152 5080 4017 2015 4022 4008 2972 2361 4007 1120 2693 2964 4020 4021 4008 2965 2594 2365 5194 4021 4017 4034
,27,2246 2339 5079 5013 5003 4022 5107 5044 5177 4025 2945 4021 4008 2010 5192 5051 4034 5209 5115 4022 5177 2704 4008 2718 2724 4019 4006
,16,2627 4034 5071 5181 5046 5059 4022 2966 2177 5182 4008 2402 4025 2309 4020 4006
,22,2219 4034 5071 5181 5046 5059 4022 2383 4031 4021 5193 4001 1154 2707 5207 2967 5007 4025 2021 5186 4022 1022
,19,2201 2693 2018 4031 4021 5193 4025 1155 2968 2969 5182 1138 2969 4006 4025 2021 5186 4022 1022
,27,2042 5159 5193 4000 2970 5192 4028 5178 5181 2971 2972 5191 4000 2693 2694 5182 4000 2973 4040 2974 5165 2343 5181 2975 4017 5193 4029
,16,2243 2976 2977 4021 4008 2074 5194 4021 2693 2972 1120 2978 5131 2964 4020 4006
,14,2559 4008 2718 2113 4021 4008 1144 2965 2594 2365 5194 4021 4017 4034
,10,1131 2979 4008 2174 2594 2728 5194 4021 4017 4034
,18,2625 4025 5192 2872 2980 4008 2010 5192 2981 5182 4008 2100 4025 4033 2007 4022 4017 4034
,10,2559 4008 2982 4007 2115 2983 1154 2010 5192 4006
,22,2330 4000 5152 5080 4017 2542 2234 5116 4031 5065 5061 5007 5045 4031 4022 5177 2464 4012 4009 2192 4021 4029
,16,1131 2979 4008 2365 5194 4021 4050 4012 3244 4027 2634 2382 2361 4007 2984 4012
,39,2008 4025 5004 5012 5013 5014 4001 2985 2986 2041 4006 4037 5106 5071 5181 2331 4033 1082 2011 5131 5000 5001 2987 2028 4025 2459 4033 2808 2454 2372 2498 5186 4039 2018 5007 4017 5193 4017 4034
,54,5190 5014 5016 4025 2044 5191 2045 5020 5182 5181 5015 5019 5178 4006 5080 5182 4008 2988 2989 2215 5178 2616 2553 4022 4008 2349 4040 2021 4031 4021 4000 5182 1089 2625 5197 4001 2228 2084 2436 4021 4008 2990 1138 2798 2985 2986 2991 5187 4012 2331 4033 2007 4022 4017
,10,2063 5040 5029 4000 2372 4001 2722 4033 1088 1080
,22,2812 5182 4008 2008 4025 5004 5012 5013 5014 4001 4037 5106 5071 5181 4008 2985 2986 2041 4025 4033 1088 1080
,11,2063 5055 5089 5177 2499 5187 4012 2310 4020 4021 1109
,18,2008 2208 4021 2992 4001 2993 2764 2267 2265 4001 2084 4037 5106 5071 5181 2074 4019 4006
,23,3197 4008 5190 5014 5016 4025 2044 5191 2045 5020 5182 5181 5015 5019 4031 4000 2994 2995 2031 4006 2018 4014 4018
,19,2329 5154 4025 5192 4000 5191 2996 4020 1115 2997 4012 4008 2640 2594 2998 4037 2010 5192 4032
,32,2008 4007 2477 2999 2343 5100 5178 1125 2731 2157 4033 4032 1103 4037 5106 5071 5181 4008 2129 5194 4021 4021 1154 5055 5089 5177 2499 5187 4012 2192 4021 4017
,31,1131 2985 2986 4037 5106 5071 5181 1025 2028 4025 2459 4033 2808 5055 5089 5177 2372 4001 2987 3000 2539 5079 5022 5103 5194 5014 4034 4017 2722 4022 1040
,34,5164 5026 5061 5177 5019 4017 4008 2270 5150 5014 5182 4034 4012 3001 2640 2594 4000 2761 4017 5069 2041 4022 4021 1154 4021 5015 5021 4017 2944 4012 2676 4037 4021 1047
,29,5164 5026 5061 5177 5019 4017 4008 2647 3002 2379 4012 4008 2196 2085 4022 2327 2015 4012 4007 2984 4012 2299 4039 2018 5007 4017 5193 4017 4034
,47,2812 5182 4008 4021 5015 5021 4017 2944 4012 4001 5034 4034 2945 4021 4008 2010 5192 2150 2001 4033 2359 3003 4021 4007 1119 1138 2196 3004 4021 3005 2903 2208 4021 4007 1119 1138 3006 3007 2179 4020 4021 1110 2310 4033 2007 4014 4006
,47,2559 4008 2270 5150 5014 5182 4034 4012 3001 2640 2594 2365 5194 4021 4021 1154 4021 5015 5021 4017 2755 2613 4021 4007 2702 4021 3008 5021 5007 5177 5019 4017 4008 1037 3009 5178 2151 2361 4001 2314 4021 3010 5182 4008 2192 4021 1040
,17,2467 2559 4000 5164 5026 5061 5177 5019 4017 4008 2010 5192 2196 2715 2647 4021 1080
,19,5150 5014 5182 4034 4012 5011 5004 5178 2761 5181 4033 4022 4031 1101 1103 2715 2310 4020 1080
,23,2236 2015 4012 2325 5182 4007 2183 4025 3011 4008 2196 5030 4001 2875 3012 2149 4033 4006 3013 4037 2041 4022 4006
,21,3014 3015 2107 3016 4001 4033 1098 2196 3017 3018 5042 4021 2875 3012 4000 4033 2171 4025 2010 5192 4006
,15,2559 5193 5026 4017 2787 2236 2015 4012 2325 5182 4008 2215 2010 5192 4006
,40,2236 2015 4012 2325 5182 4007 2183 4025 3011 4008 3017 3018 5042 4021 3019 2186 4022 1154 3020 4031 4021 5193 4001 3021 4022 4025 5199 4025 5177 5019 4017 2296 5182 1008 3022 5133 2021 5186 4022 4006
,8,2463 2196 4031 4007 2565 3023 4019 1080
,35,2167 3027 5181 5101 4017 2150 3024 5187 4012 4001 2215 5178 2787 4008 2084 5207 2084 2015 1045 3021 4031 4021 4005 1039 2015 4012 2789 2059 4031 4006 3013 4037 2041 4022 4006
,13,3025 3026 5030 4001 2270 2653 4012 4001 1155 2113 2010 5192 4006
,23,1131 2129 2113 5187 4012 4001 4025 4017 5083 3530 5055 4034 5043 4025 5181 2033 4020 2640 2015 4012 3021 4035 4017
,17,3027 2015 4012 4008 5038 5034 5029 5039 5026 4031 4007 2113 3013 4037 2041 4022 4006
,26,2463 2106 3028 4027 2154 2015 4012 1155 2196 5029 5045 5087 5181 5038 5034 5029 5039 5026 2085 4022 2015 4012 3020 2010 5192 4017
,46,2018 5178 2107 4012 4008 2183 4025 3011 4008 2196 5033 5034 5029 5045 5040 5181 4034 5094 5011 2085 4022 2015 4012 1147 2022 3029 1103 2236 2015 4012 2325 4001 1155 2196 2653 5209 4034 5101 4033 5040 5187 5041 5039 2192 4021 4029
,29,2236 2015 4012 2325 5182 4007 2183 4025 3011 4008 3020 4031 4021 5193 4001 3019 2015 4012 4008 3030 2461 3031 2801 4012 4000 4033 2059 2060 5178
,10,3032 2196 5030 4001 2753 2015 4012 4007 3033 3034
,16,3035 5011 4025 2529 5178 2107 2183 4025 3011 4008 2196 3020 5193 2129 4019 4006
,38,2183 4025 3011 4008 3017 3018 5042 4021 2875 1154 2010 5192 5136 5014 5039 5011 5199 5021 4017 5106 4025 5087 5025 4006 5004 5007 5197 5026 5186 5083 3036 2875 2276 3037 5182 2010 5192 4006
,13,3038 2215 5178 2787 4008 2196 2085 4022 2015 4012 3021 4035 4017
,24,2236 2015 4012 2183 4025 3011 3039 2021 5186 4039 2074 4034 1126 1032 1103 2196 2261 5194 4006 2938 4037 2018 4014 4006
,33,3530 2789 2059 5193 4005 3040 2015 4012 2196 5029 5045 5087 5181 5199 5021 4017 3530 2089 5178 2183 4025 3011 4008 3020 5069 2041 4022 4017 1114 2355 2149 4025 4027
,18,3041 4025 4033 4022 2015 4012 4007 3042 2413 2107 2959 2264 5178 2389 5182 1008 2260 5178
,37,2228 2549 4008 5013 5031 5011 4034 4025 4008 2215 5193 3040 2015 4012 4007 2332 2234 4012 2553 4022 4008 2183 4025 3011 4008 3039 2021 5186 4039 2018 4031 4006 1025 3043 4025 4033 1082
,23,2243 3039 2021 5186 4039 2018 4031 4006 1025 2562 5131 2218 4025 2060 5178 1105 1138 2243 2020 2192 4025 4033 1082
,37,2236 2015 4012 2325 5182 4008 3044 5178 1125 3017 1049 3017 1071 2875 4012 4007 2111 5182 4000 2442 4025 2060 5178 1103 2028 2332 2234 5148 5084 5178 5007 5004 5198 5012 2938 4007 4029
,6,2559 1042 3045 4028 4025 4027
,22,3046 3047 4021 2020 4000 3048 4031 4021 5193 4001 2657 5182 1154 2129 4025 4027 1103 2625 2201 2310 4007 4029
,35,2150 2366 4033 5022 4025 5203 5021 5051 2196 4031 4008 2413 2436 2996 4033 2720 2498 5117 5178 1125 1131 2240 1025 2022 5131 3043 4025 2007 4033 4022 4027 1103 2180 4014 4006
,27,2145 3049 3050 4021 4007 3051 4029 5040 5042 4034 5027 4022 5181 2903 4021 2194 5144 5084 4017 5027 4022 5100 4001 2132 4033 1088 1080
,34,3052 4031 4000 5191 1056 5110 4025 5066 4017 4022 2903 4021 2194 1138 2145 3049 3050 4021 4007 2415 4021 2194 1138 1155 5021 5118 5107 5026 1131 3051 4000 2132 4007 4029
,15,1131 3050 4021 4007 2194 1154 2228 3053 1154 5027 4022 5181 2129 4019 4029
,19,3049 2903 2019 1049 2916 4008 5027 4022 5181 4007 2868 4000 4033 2347 4037 3051 2132 4033 1082
,8,2529 5178 2107 1131 3051 2575 4033 1082
,9,2468 2220 2594 3051 4000 4033 2059 5193 1047
,29,5029 5039 5079 5198 5177 5119 5181 2903 4021 4007 2194 5191 4034 5022 4033 4034 4022 5177 5025 5099 3054 2168 4008 3051 4000 4033 2059 5193 4029
,41,5014 5015 2008 5120 5042 5101 4022 5040 4021 4000 3055 3056 5182 1154 2400 4021 5013 5031 5087 5042 5194 4006 2015 4022 4007 5079 5044 3057 5021 5181 5065 4017 5091 3006 2923 5182 4000 3058 2031 4021 4029
,31,5021 5181 5065 4017 5091 2228 2229 2084 5079 5044 3059 5182 4008 5014 5015 2008 5120 5042 5101 4022 5040 4021 4007 3060 4000 3061 5011 4025 3062 4021 4029
,17,2201 5150 5014 5182 4034 4012 4000 3063 5178 3064 4021 4008 1138 2625 2248 4007 4029
,19,5021 5181 5065 4017 5091 5182 4007 1131 2893 5197 4001 2196 4031 4008 2725 2785 2143 4019 4006
,16,5013 5031 5087 5042 5194 4006 2029 4009 2196 2332 2750 2785 4000 2854 4020 4006
,29,5120 5042 5101 4022 5040 4021 4000 3061 2031 4021 5079 5044 3057 1120 2241 2242 2006 4025 2060 5178 1105 1138 2178 4044 4025 2021 5186 4022 4006
,26,2736 5021 5181 5065 4017 5091 5182 4007 2893 5197 4001 1154 5013 5031 5087 5042 5194 4006 2029 2196 2029 4009 3065 2192 4021 4006
,15,5021 5181 5065 4017 5091 1120 2241 2242 1035 1127 1138 2623 2314 4021 4006
,18,2812 5182 4008 5021 5181 5065 4017 5091 4021 4017 4006 2923 5182 4000 3058 2031 4021 1040
,26,2063 2625 2310 5035 5182 4008 2313 4006 3066 1138 2020 1138 3067 4001 3068 5182 4000 2575 5178 1103 5058 4017 2350 4025 4031 1101
,10,2579 3069 1027 5058 4017 3070 4040 2431 4017 4013
,36,2313 4006 3071 4012 5011 5004 5076 5182 3072 4021 4000 5182 1138 3073 4020 1007 3074 4006 4025 2021 5117 5178 1142 2505 2129 3075 2178 4044 4025 2021 5186 4022 1058 2313 5193 4029
,33,2150 4031 4007 5121 5177 4022 4017 4008 2010 5192 3076 5194 4021 5177 5002 5007 5004 5198 5186 4034 3077 4021 4008 1037 2370 3078 4012 3079 2431 5182 2010 5192 4017
,21,2559 2150 4031 4008 3080 4001 5178 3081 1155 5150 5014 5182 4034 4012 1013 2834 5182 4000 2575 4020 1080
,28,3079 5165 2343 4017 5193 3078 5182 4000 3082 4037 3083 5178 1142 1116 3084 2393 2702 4021 3008 5040 5022 4025 4033 4022 3085 2041 4021 1040
,21,3078 5182 4000 3082 4037 2658 4033 4031 4034 4012 1120 3086 2242 5182 1138 2006 4025 4033 2007 4028 4006
,15,5049 2270 2103 3087 2314 4025 2007 4033 4022 4027 1103 2625 2310 4020 1040
,15,3079 4033 4022 3078 4012 2089 5178 1160 3088 5182 4005 2031 5182 4033 1082
,8,2559 3089 4012 4001 2180 5182 4031 1101
,31,3078 4012 2809 4021 4005 2031 5182 4033 1082 1156 2586 4006 2625 4025 5192 3079 5165 2343 4017 5193 1047 1105 1138 5040 5022 4025 4033 4022 2192 4021 4029
,19,5121 5177 4022 4017 4008 2010 5192 5177 5002 5007 5004 5198 5186 4034 3077 3090 3091 4019 4006
,27,1131 3077 4006 4001 5121 5177 4022 4017 4008 3080 4001 5178 2054 3092 2150 3093 3080 4001 5178 2196 2054 2074 4040 3094 2179 4035 4054
,20,2880 3095 5182 4008 2246 2215 5193 2663 2892 4008 2008 5201 5079 5031 4034 5021 2029 3096 5193 4006
,29,2751 2010 5192 3097 2801 4012 4008 5201 5079 5031 4034 5021 2029 4001 3033 1154 3098 2801 4012 1138 3099 2406 2801 4012 1138 3100 5182 4037 4017
,26,3101 2215 5193 2663 2892 4008 3102 4001 3033 1154 2129 5194 4021 3103 5201 5106 5099 2472 2246 2029 4001 3033 1154 2890 4021 4029
,16,2663 2892 4000 4021 2261 4040 3104 2389 2199 4028 5178 5181 3105 4025 4033 1082
,33,5026 5178 4017 5064 5181 4021 3106 5122 4022 5027 4017 4022 4017 3107 2296 5182 4008 2196 4031 4007 5057 5182 5034 5123 4031 5181 2809 4033 2810 2811 4017 5193 4029
,17,2246 2925 5194 4021 3108 4033 2296 5182 4008 3525 4031 4007 5052 5187 3109 4019 4029
,31,2168 5000 5076 3110 1114 3111 4008 3112 5194 4021 5057 5182 5034 2413 2461 5000 4022 4012 4000 5182 1138 3113 3114 1114 3115 4025 2837 4008 3116 4007 4029
,24,3108 5071 5181 3117 1114 5000 4022 2837 4008 5057 5182 5034 2811 4017 5069 2809 4033 2810 4021 4000 4025 3116 4007 4029
,8,5052 5187 2278 4033 2810 2059 5193 4029
,28,5057 5182 5034 2059 5069 4021 3118 5194 4021 3119 4021 4011 1036 2196 2059 5193 2809 4033 2810 5187 4012 4007 2111 3120 1154 2567 4019 1004
,21,2559 4017 1097 5026 5178 4017 5064 5181 4021 3121 4008 2196 2461 5145 4006 2113 4006 4001 3122 4020 4006
,24,2965 2809 4033 2810 5187 4012 4000 4033 2059 5193 5137 5007 5042 5194 4006 2106 5145 4006 2113 4021 4008 2129 4014 4006
,51,4008 5187 5035 2366 5022 5199 4033 4022 5191 2196 2018 4031 4021 5193 4001 2785 4021 2192 4006 5025 5024 5182 4008 2246 2048 2179 4020 5178 5014 5016 4025 2044 5191 2482 5024 5025 2085 4022 3123 5069 4001 1138 3124 2423 2031 5182 4033 2007 4022 4017 4034
,48,4021 4008 5015 5182 4008 2246 2215 5178 5026 5178 4017 5064 5181 4021 2296 3125 3059 5182 4008 2489 2833 2033 4025 2349 4040 2021 4031 4021 5193 4001 1154 4008 5187 5035 2366 5022 5199 4033 4022 5191 2637 4025 2007 4033 4022 2129 4014 4029
,50,2625 4006 3126 4001 2785 4021 2192 4006 5178 5014 5016 4025 2408 5191 2832 4012 5150 4006 2054 2616 5003 5039 5011 4034 5014 5022 5044 4022 4034 2883 1106 2616 4012 2500 4021 4007 3127 2113 5187 4012 4008 2048 5187 4012 4000 2179 4037 2018 4035 4017
,44,5025 5024 4021 5027 5196 5058 4039 5124 4022 5181 1094 5178 5014 5016 4025 2061 5024 5025 2214 5182 4008 2925 5194 4021 2910 4021 4008 5022 5199 4033 4022 5191 4031 4007 3128 4033 3129 4012 3130 4025 4033 2007 4022 4017
,22,2736 2048 4021 4008 2299 4022 5024 5025 2085 4022 3123 5069 4001 1138 3124 4000 2454 2423 2031 4021 4017 4034
,56,3131 5025 5024 5026 5194 5014 5194 4025 4034 2072 5182 4008 5003 5039 5011 4034 5014 5022 5044 4022 4034 2883 1049 2408 5191 2832 4012 2616 5182 4000 5191 2514 5194 4021 4050 4012 5022 5199 4033 4022 5191 4031 4007 3132 3128 4033 3133 4008 5187 5035 3134 3135 3130 4021 4017 4034
,11,2736 2625 4025 5192 4000 2454 2423 2031 4021 4017 4034
,42,2663 2892 2179 4031 4021 5193 4001 1154 3136 4022 3095 4025 2217 4021 4000 3137 4021 2592 2018 5178 1152 3105 4025 2060 5178 1073 5026 5187 5007 4034 5177 4007 2062 5182 4000 2880 3095 4021 2194 2797 4021 4029
,41,3138 2031 5182 4033 4022 2220 5201 5106 5099 4025 4012 4007 3139 1120 3137 3140 4001 5178 1152 3095 4025 2217 4021 4000 3105 4025 2060 5178 1156 3102 4021 2194 5040 4021 5022 5068 5011 2062 2041 4021 4029
,28,2467 2561 2560 4033 1150 3095 2224 4033 1088 1020 3197 4000 3105 4025 2557 5182 4028 4006 1156 3095 4021 2194 5055 4033 5011 2192 4021 4029
,25,2320 5201 5079 5031 4034 5021 2029 1120 2663 2801 3141 5178 3142 4021 3143 2050 4034 4033 1090 2891 2892 4001 2041 4033 1082
,41,5105 5187 4025 5181 2740 5182 4000 5182 1089 5000 5001 5182 1008 2599 2480 5187 4012 4001 5191 2343 5100 5178 2693 4012 4001 1155 3144 4039 4012 2370 2371 5187 4012 4008 1144 3145 5069 4021 3146 4019 4017
,16,5105 5187 4025 5181 2740 2018 5178 2959 3147 5178 2389 2741 4033 2007 4014 4006
,8,3038 2029 3148 2186 4012 2018 4035 4017
,46,2463 5000 5001 5182 4008 3080 4001 5178 3149 5187 4012 4000 5191 2514 5194 4021 4050 4012 2959 2174 5178 3150 5207 2340 2341 4012 4001 5191 2343 4031 4021 5193 4001 1154 2693 4012 4008 3151 2031 5182 4025 3152 5194 4021 4017 4034
,21,2959 2174 5178 2389 4001 1155 3153 2186 4012 4001 3154 3155 3151 2246 2339 3156 2265 4001 2260 4020 4006
,55,3151 2260 4020 4021 1138 5053 5028 5105 5014 5035 5021 5186 5079 5182 4017 5016 4006 5194 4025 4034 5167 5194 4021 5005 5039 1106 5168 5177 5029 4034 5177 2693 4012 4007 2461 5160 3157 3158 2657 4001 1155 3144 4039 4012 2370 2371 5187 4012 4008 3145 5069 4021 3146 4019 4017
,30,2370 2693 4012 4008 3159 3157 4001 4012 4001 1155 3144 4039 4012 2447 5194 4021 2111 5182 4008 3151 2031 5182 4033 4022 4028 5178 5181 2129 4019 4017
,30,2044 3160 2031 5182 2370 2755 2225 4025 4012 2620 2041 4021 4021 4017 2588 5131 5178 5056 5041 4034 2086 4021 4008 3161 3162 2452 2603 4025 4033 1082
,42,3163 2988 3164 2196 4031 1107 5178 5056 5041 4034 2527 4025 4033 2007 4022 4021 5193 4001 2785 2192 4006 3165 2054 3166 2085 4022 2370 2755 2225 4025 4012 1131 2044 3160 4006 4001 2620 2041 4021 2129 4019 4017
,14,2463 5178 5056 5041 4034 2086 4021 4008 2016 2452 2603 4025 4033 1082
,28,2016 2657 4012 2101 5042 4021 4021 4005 2029 2208 5187 4012 4008 1138 3126 1010 2129 5194 4021 4021 1154 2131 2499 5187 4012 2192 4021 4017
,18,2201 3167 1049 3168 2480 5187 4012 4008 3169 4012 3170 2903 5187 4012 2383 4033 1088 1057
,24,2467 2044 3160 4021 4000 5182 1089 2955 5191 2718 5187 4012 5201 4006 5030 5178 2724 5194 4021 4021 1154 2330 2101 5028
,41,5178 5056 5041 4034 2196 4031 1107 2527 4025 4033 2007 4022 4021 5193 4001 2785 2192 4006 2228 2169 2107 4012 1154 2988 3147 5178 2389 2044 3160 4006 4001 2755 2225 4025 4012 2620 2041 4006 2018 4035 4017
,24,3171 3172 4021 4011 2328 2060 5178 1103 3173 4012 1049 3174 4012 4001 2008 4025 5004 5012 5013 5014 3085 2041 4021 4029
,76,5000 5001 5182 4008 4025 5177 5006 5039 5021 5026 5194 5014 3175 3176 3177 2981 5182 4007 3178 5178 2107 2348 5104 5021 4025 5178 2053 4033 3095 2875 2209 3179 4039 2233 5182 1008 2099 4033 4022 3180 5187 4012 4007 3181 2348 3182 3183 1049 3106 3184 3091 3185 4033 3186 4021 3187 4021 2036 5187 4012 4000 2672 2260 4037 2157 4006 2008 4025 5004 5012 5013 5014 2248 4020 4021 1109
,24,5104 5021 4025 5178 2053 4033 3095 2875 1155 2313 4006 2209 3179 4039 2233 5182 1008 3180 5187 4012 2099 4033 1088 1086
,16,2313 5098 5076 5182 2360 4033 3188 4021 1008 2099 4033 4039 4031 4006 3018 5181
,17,1074 2209 4001 1154 3189 4033 1088 1005 2233 5182 1008 2099 4033 1090 2129 4014 4006
,38,2196 4031 4008 3190 4008 2209 3179 4039 2233 5182 4000 2044 4033 2379 4012 4001 3191 5133 2021 5192 5181 1146 1073 2100 5182 4000 2028 2029 2505 2223 2875 4012 4001 2132 4037 2129 4019 4006
,31,3197 4000 4033 2643 4006 2053 4033 3095 2209 2233 5182 4000 5182 1138 3192 2184 2379 4012 4001 3189 4025 2309 4028 4006 1114 2190 2313 1033 2143 4019 4006
,57,2463 2053 4033 3095 5182 4008 3197 4000 2676 4037 4006 3197 4000 2053 4033 3095 2875 4012 1138 2227 5069 4025 2021 5186 4039 1116 2005 5182 4008 3193 2053 4033 3095 2875 2209 3179 4039 4001 3189 4033 1088 1115 2105 5182 4000 2559 1106 2184 3194 4006 4001 1134 3195 4006 2129 4014 4032
,79,2196 4031 4008 2028 2029 4037 5098 5076 5182 3188 4021 4000 2625 4025 5192 2223 2209 4012 4001 1154 3189 5007 4017 5193 3188 2505 3196 2223 2209 4012 4001 1134 3195 4025 4033 2007 5007 5193 2115 5182 1007 1138 1139 2053 4033 3095 4021 2209 4012 4001 3189 4033 2007 5007 5193 3188 4021 4000 1078 2209 3179 4039 5026 4025 5191 3195 4025 2060 5178 1103 2168 2891 2658 4021 4006 2500 4021 4008 1130
,13,4021 5027 5196 5058 4039 2029 1130 3197 4000 5191 2031 4021 4006
,9,2168 4008 3197 2814 2103 5131 3189 4033 1082
,22,3198 1052 3199 5131 1078 2105 2222 4033 1090 2441 2084 2577 5075 3200 2103 2092 4001 2442 4025 4033 1088 1080
,32,1078 2105 5182 4000 4033 3191 5133 2021 5186 4039 5194 5016 5076 5182 2053 4033 3095 2875 4012 2209 4033 2379 4012 4000 3201 5133 2021 5186 4022 2129 4014 4036
,13,2981 4012 4001 3180 5187 4012 2099 4007 4005 3202 3203 4037 5028
,16,2624 5207 3204 3205 4012 1103 2837 2099 4028 5079 4017 4005 3202 3206 4037 5028
,55,1068 3180 5187 4012 4008 1143 1037 2328 5007 5193 3205 4012 1116 3205 4012 4001 2323 5011 4025 2129 5007 5193 3174 4012 2085 4022 2274 3207 3208 4012 3244 4027 5169 1158 2084 3209 3201 4014 4032 1103 2101 5181 4028 5178 5181 1066 2379 5194 5178 4000 2074 4040 2405 4019 1004
,34,1062 2379 5182 4000 3171 3172 3210 5182 4010 5058 5178 2038 4031 4032 1114 1116 3211 4000 4033 2059 5069 2054 4000 4025 3212 2060 5178 2054 5197 4001 4033 2328 2060 5178
,5,2029 4001 3213 2060 5160
,27,2029 4001 3214 4025 2060 5178 1156 3205 4012 3174 4012 2085 4022 2775 4033 2984 4012 5011 4034 4000 5067 5178 2178 4022 4025 4031 1101
,15,3215 3216 3217 2054 5197 4001 3218 4001 2877 1030 3244 4027 2765 2060 5178
,23,2089 4021 2067 4012 4000 5182 1138 1148 2775 4021 2067 1130 3219 4021 4010 2403 2021 5186 4022 2067 5011 4025 4027
,37,3220 3244 4027 3219 4021 4010 3171 3172 4021 4010 2775 4021 2067 4033 2379 5182 4000 3201 2060 5178 1103 2178 4044 4025 2021 4014 4013 1156 2008 4025 5004 5012 5013 5014 2248 4007 4029
,39,1131 3059 5182 4008 2028 5000 5001 3221 4021 2209 5138 5029 5182 1138 2028 2234 1138 1155 4021 5011 5013 5014 5051 5193 4017 2086 2234 4012 2085 4022 3222 1138 2349 4040 2021 5186 4022 4017 4034
,32,4021 4017 4001 3223 2115 2113 2662 4028 2041 4022 4005 1138 2029 3059 5182 4008 2395 5193 4025 2074 4019 1083 1154 2008 4025 5004 5012 5013 5014 2192 4021 4029
,36,5000 5001 5182 4008 2672 2215 5193 4025 5177 5006 5039 5021 5026 5194 5014 3224 3177 2981 5182 4007 3178 5178 2107 2348 4031 4008 2248 5178 1125 2625 2559 4000 4025 2310 4007 4029
,5,2625 2248 4020 4021 1109
,15,2981 4001 3126 3118 5194 4021 4021 1138 3225 3226 5182 1138 2550 5071 5028
,17,3223 2115 2550 5071 5042 4021 2588 4021 4005 2981 2348 5030 4001 2074 4034 4031 1101
,35,2846 5197 5076 5182 3226 2550 5011 4025 2129 4025 2060 5106 4017 5193 2588 4006 4001 1154 2027 4025 4033 1088 1024 2981 5182 4007 3181 2348 1016 2349 4040 2021 5186 4022 1058
,28,2201 1074 2209 5182 4007 5104 5021 4025 5178 2053 4033 3095 2875 1114 2177 5182 4008 3059 5182 4008 2349 4040 2021 4031 4006 2313 4006 3209
,43,2053 4033 3095 2875 1114 2177 5182 4008 2008 1073 2115 5182 4008 1068 3209 5182 4000 2038 3226 2113 2662 4028 2041 4022 4005 1138 3227 5207 2074 4019 2129 4014 4013 1103 2008 4025 5004 5012 5013 5014 2192 4021 4029
,27,5044 5199 5182 4021 5191 5027 5182 4000 2742 2500 2054 5197 4001 5190 5014 5016 4025 2061 5020 5182 5181 5015 5019 2511 2192 4021 1040
,39,5194 4031 5022 5014 5039 2348 4031 1138 3197 5193 4001 3228 2157 5019 5193 1153 5044 5199 5182 4021 5191 5027 2348 4031 1138 4021 5027 5196 5058 4039 3093 3229 2033 4025 2741 4033 2007 4014 4006
,3,3230 1055 3231
,62,5194 4031 5022 5014 5039 2186 4022 4012 4008 2168 2106 2186 4022 4012 2789 2060 4037 4006 4034 5026 5037 5044 5182 4000 5182 1138 2413 2106 2186 4022 4012 3232 2060 4037 3233 5182 4000 5182 1138 3035 2106 2186 4022 4012 2153 2060 4037 5191 4034 5177 4031 5014 5037 5044 5182 4000 5182 1138 2054 3234 4014 4036
,31,5178 5007 5074 5043 4034 4017 4000 5037 5044 5011 4017 4031 5192 3231 2186 4022 4012 3235 4039 2789 3236 3237 4020 2186 1160 5044 5199 5182 4021 5191 5027
,34,3238 3239 4012 4001 2355 2514 4001 5178 3064 1154 1138 3240 5170 4001 1138 2916 5197 4001 1138 3241 4001 5178 3064 1154 1138 1131 2186 4022 4012 2027 4040 2129 4035 4017
,27,2789 4021 3242 5044 5199 5182 4021 5191 5027 1102 2260 5178 2089 3243 5187 4012 1138 2789 5182 4008 2338 5182 4027 1065 3244 4006 2663
,88,1131 3245 4008 3244 4027 3246 3247 4012 4000 5182 1138 3248 5187 4012 4000 5182 1138 2059 5069 3249 5182 1107 2073 4031 4021 5193 4001 2227 5193 2005 5182 4008 2500 4021 4008 2562 4008 3250 3251 2054 2623 2006 4006 4025 2021 5192 2060 5178 1103 2192 4006 2500 2054 3244 5197 4001 5178 3252 5044 5199 5182 4021 5191 5027 3253 4012 4000 2192 4006 4025 2021 4031 4021 1154 5020 5182 5181 5015 5019 4021 4017 4006 2014 5182 4008 2199 4022 1040
,43,5014 5016 4025 2029 4007 3254 2877 2242 4012 4000 4025 2861 4006 3255 4025 2616 4012 1019 5000 5001 5182 4008 2988 3256 5178 2389 2910 2215 5178 1156 2911 4012 2013 4022 1115 3257 5182 4008 2192 4025 4033 1088 1080
,30,2196 4025 5178 5031 5061 5177 4022 1049 5051 4034 4025 5040 5177 4022 2616 5182 4007 2086 3258 4025 5192 2217 5000 5001 5182 4008 2672 2215 5193 4006
,102,2217 4021 4008 5051 4034 4025 5040 5177 4022 2616 2028 4025 2225 2875 5161 4031 4034 4021 5022 5199 4017 2086 3259 2875 4012 5059 5021 5181 5007 5004 5198 5186 4017 4033 5000 5181 4031 5040 5187 2196 4025 5178 5031 5061 5177 4022 2616 2358 2398 4039 4025 2225 4021 2194 4029 5194 5181 4025 5081 2086 2415 5191 2045 5040 5178 5059 5194 5014 4034 4017 2086 3259 2875 4012 5207 5084 5178 5025 5005 5148 5084 5177 5014 5011 4025 5022 5199 4017 5059 5043 4033 5022 5182 4017 2047 2349 4040 2021 5186 4022 4017 4034
,42,5161 5084 5181 5040 2903 3260 4021 3254 4012 1138 5177 5002 5003 5004 5178 5005 5006 4034 5202 5021 4025 5177 5026 4017 2903 3254 4012 1138 4021 5187 4025 5192 2062 4012 4001 1154 3160 4021 4008 2299 4022 1047
,11,3254 4012 1107 3261 2179 4037 3262 3263 3264 4031 1101
,29,2579 5182 4008 5014 5016 4025 2526 4037 5042 4017 5125 5016 5191 2483 4021 1107 2514 4040 2917 2393 5187 4012 3254 5117 4001 3099 2402 4035 4017
,16,2579 4001 3263 3265 5014 5016 4025 2029 1129 2242 5182 1138 2006 4025 4031 1101
,16,3266 4039 2916 2903 5187 4012 4008 2483 2056 4012 2647 4025 4033 2007 4035 4017
,10,3254 4012 3267 4033 2007 5007 4017 5193 4017 4034
,12,2559 5193 4001 2500 2029 1138 3268 5182 1154 2010 5192 4006
,28,2201 5083 5177 5051 4025 2984 4012 3269 2708 4012 2144 4020 5055 4006 2625 4025 5192 4000 3189 2500 2029 2566 2067 5182 4000 3270 4020 4006
,32,2329 2500 2029 4007 3271 2242 4012 4000 4025 2861 4006 5000 5001 5182 4008 2988 3256 5178 2389 2129 4025 5178 5031 5061 5177 4022 2616 4012 1019 2910 2215 5178
,52,2196 4025 5178 5031 5061 5177 4022 2086 5191 2045 5019 5021 5186 5079 5182 4017 5051 4034 4025 5040 5177 4022 2616 2086 5191 2045 5050 5022 5178 5007 5004 5198 5186 4017 2047 2214 5182 4008 1131 2910 2215 5178 1103 1116 2014 5182 4008 2192 4025 4033 1088 1080
,16,2150 2366 5203 5021 5051 4031 4007 2196 4033 2720 3272 3273 4000 2575 4020 1080
,37,2129 2015 4012 3274 5182 4008 1155 2572 4008 5203 5021 5051 4031 4007 2720 2035 3275 5131 2129 4025 4027 1103 2150 5030 4001 1155 2196 2664 5077 5022 5191 5187 4025 4034 2192 4021 4029
,61,5096 4034 5199 5052 5094 5187 4022 4017 3276 4025 2883 2778 4012 1123 2248 4020 2625 5203 5021 5051 4031 4007 2196 4033 2720 2129 2015 4012 3274 5182 4008 1155 2572 4000 2201 3277 4031 4021 1149 2089 4021 2067 4012 4008 1138 2527 5194 4006 2402 4031 4021 5193 4025 1155 2565 4012 4000 4033 3278 4020 1080
,25,2129 2015 4012 4007 3247 3279 2026 2092 4008 3280 5178 2005 5182 4008 5203 5021 5051 4031 4007 2196 4033 2720 2027 5182 4027
,20,2129 2015 4012 4008 2610 5178 2623 5011 4017 2155 2609 2559 5193 4001 3281 5182 1154 2010 5192 4006
,46,2044 5052 4025 2129 2015 4012 1138 3282 5067 5178 3283 5187 4012 4008 2770 2771 4031 4021 1149 2025 5131 3284 4001 5178 2026 2716 1049 3285 4012 4000 2514 5194 4006 3286 4033 4006 1017 1138 3287 4012 3288 4025 2007 4033 4022 4027
,29,3289 4021 4008 2514 5194 4006 2402 5178 2067 4012 4000 4025 3290 4040 3291 3287 4012 4000 3288 4025 4031 1138 1066 2720 3292 5131 2027 5182 4027
,37,5164 5026 5061 5177 5019 4017 1049 5021 5007 5177 5019 4017 1025 5190 5106 5039 5026 4031 1138 2196 4031 1138 2261 5194 4006 2020 4012 4000 4033 3293 5133 2021 5186 4039 2018 4014 4006
,21,2559 1113 3294 3024 4021 4008 2017 5178 2457 4012 3295 4021 3296 1138 2421 2498 5192 4033 2007 4014 4006
,12,2671 2167 3295 4021 3261 2179 2030 2031 5182 4033 1088 1080
,32,2559 4017 1097 4028 5040 5011 4017 2015 4012 1100 2154 1049 2183 3297 4012 1025 2330 3293 4031 1138 3197 4000 3277 4031 4006 1026 1138 3298 2007 4033 4022 4027
,21,2129 2015 1138 2527 5194 4006 3027 4031 4000 2034 4031 4006 1026 1138 3299 5131 2248 2007 4033 4022 4027
,30,2129 2015 4012 1045 1053 3283 5187 4012 1038 2026 3300 4021 4000 3301 4001 5178 2379 4012 4008 2527 5194 4006 2402 4031 4006 1025 3298 4033 4022 4027
,25,3302 2418 2183 2442 4006 2018 5178 2825 2307 2459 5187 4012 4000 2936 4033 4006 1026 1138 2129 2015 4012 1138 3043 4025 4027
,29,2196 2150 3274 5182 4008 1155 2572 4007 2035 3303 1154 3304 2379 4012 4008 3305 3306 5182 4000 3191 4031 4021 5193 4025 1155 3260 3307 4020 1080
,23,2129 2015 4012 3274 5182 4008 1155 2224 2556 5182 4008 2468 3308 4021 2067 5182 4008 1155 3213 1030 2129 4019 4006
,20,3308 3260 3309 3310 3311 5182 4008 1138 2135 2129 2015 4012 1138 3312 2299 5178 2565 3023 4019 1080
,38,2150 2903 5187 4012 1107 2527 4040 3305 2133 2002 5187 4012 4001 4021 3034 5182 1155 3305 3313 4012 4000 4021 3314 4033 4021 5193 4025 1155 3170 3056 5182 4008 1155 3261 2562 4008 2260 5178
,21,3131 2196 3315 2052 4008 5190 5106 5039 5026 4031 1107 1155 2224 2035 3275 4021 4000 2017 4021 2630 5178
,24,3316 3317 2115 3318 3319 2052 2001 3320 3321 5193 4008 2527 5194 4006 2402 4031 4021 5193 4025 1155 2565 2442 4021 1080
,22,2201 2236 2015 4012 2183 4025 3011 4008 3017 2875 2113 4021 4000 4033 2171 4025 2196 5030 4001 2150 2630 5178
,30,2559 5193 5026 4025 2183 4025 3011 2118 2242 5182 4000 2150 2227 5193 4025 4027 1156 2427 4031 4021 1154 5077 5022 5191 5187 4025 4034 2310 4007 4029
,50,2548 5178 2107 2017 4022 2026 2154 2114 5182 4000 4021 2261 4040 2026 2233 2070 4012 1155 2145 3322 1049 3323 5191 3324 3325 4000 5201 5106 4033 3321 5193 4008 2233 5191 3039 2031 5182 2060 5178 1114 2196 4031 4007 2062 2227 5193 4025 4033 4022 1080
,14,2559 2011 5146 2654 4012 4000 5182 1138 2196 2132 4037 2018 4014 4006
,18,2406 2577 4001 1138 3326 2054 2105 2021 5186 4022 2196 4031 4008 2154 2019 2017 4022 1080
,38,2026 2092 4008 4021 5178 4001 1115 2504 4000 3327 4031 4021 4008 5190 5106 5039 5026 4031 1107 2527 5194 4006 2328 2196 3328 1154 2010 5192 4006 2313 5193 4029 5077 5022 5191 5187 4025 4034
,50,5021 5199 4025 4031 1107 2083 2157 4006 4025 2021 5186 4039 3329 1025 5029 5026 4034 2008 5013 5101 5198 4001 5051 4034 3330 2248 2557 5182 4027 1103 2190 3331 4037 2010 5192 4029 5026 5187 5007 4034 5177 2044 5191 2045 5022 4001 5181 5026 5194 5014
,18,2625 4006 3329 3332 4001 3333 5194 4021 4021 1154 2101 5028 1105 1138 2625 2310 4007 4029
,36,5029 5026 4034 2894 4021 2787 4000 5182 1089 5025 5019 1049 5040 4025 5014 2033 4020 2113 5187 4012 4008 2672 2215 5193 2787 2794 4021 4008 2248 5178 1125 2625 2758 2310 4007 4029
,9,5021 5199 4025 4031 1107 2083 2157 4021 1000
,19,2084 2194 5048 5079 3227 2074 4040 2794 2031 4006 2041 4025 2309 4028 4006 1103 3334 4014 4018
,17,2320 3330 5154 4025 5192 3329 5182 4000 2427 4031 4006 1103 2625 2190 3331 4007 4029
,19,5029 5026 4034 4008 3335 2155 5197 4001 3336 2157 4025 5026 5187 5007 4034 5177 2189 4014 4006
,45,2082 5178 2236 2237 5021 5199 4025 2083 5182 1095 1138 2550 1070 2235 2237 5118 4025 5199 4017 5191 4025 5014 2083 5182 1095 1138 2550 4037 5024 2461 1138 1160 2448 3337 2155 4000 3338 4037 2155 3339 2405 5182 2975 4035 4017
,20,2042 5058 5187 4025 5192 5026 5187 5007 4034 5177 2448 3337 2155 4000 2701 5011 4025 2140 4014 4032
,28,5058 5187 4025 5192 3300 3340 5182 4000 5182 1138 3341 4021 4000 5182 1138 3342 5146 2019 5182 4000 5182 1138 3338 4037 2794 2031 4014 4032
,25,3343 3344 3345 3346 3347 5007 5091 5177 4021 4031 4034 1156 3348 5197 4001 1127 1138 2765 5178 2616 5026 5187 5007 4034 5177
,25,5159 4034 4012 4001 1155 2616 1103 5026 5187 5007 4034 5043 4001 3349 3350 2557 5182 4028 4006 2313 5193 4029 5022 4001 5181
,17,3351 1130 5029 5026 4034 4008 2089 4021 2209 4012 4008 1138 3352 4033 3021 4014 4032
,16,3352 4033 3021 4031 4006 2437 4021 4008 3353 1103 2313 4001 4021 2180 5182 4027
,7,2042 2261 5194 4006 2144 4031 4032
,6,2019 4001 1154 2144 4031 4032
,19,2618 4012 3031 2059 5178 2029 4000 2027 4025 2261 5194 4006 2144 4031 4032 2313 5193 4029 2625
,32,2358 3354 2923 2565 2623 4021 2036 1106 2146 2028 2036 5187 4012 5029 5026 4034 4008 3355 2588 1154 2489 5131 2882 4033 2007 4031 1101 1103 2625 2469 4007 4029
,20,2327 2028 2036 5187 4012 4001 1154 2264 2103 2577 5029 5026 5004 4001 2314 4025 4033 2007 4014 4006
,23,2042 3356 5131 1131 2233 3343 4012 4000 3357 4000 2431 5182 2343 4017 5193 5076 5182 4031 1101 2313 5193 4029 2625
,26,2358 2860 4025 2083 2545 5182 4000 3358 5178 1125 5026 5187 5007 4034 5177 2616 5029 5026 4034 2086 2019 4001 1063 2031 4021 1080
,20,5029 5026 4034 1008 3359 2618 4012 2923 2378 4037 2429 2086 5187 4012 4001 3360 4040 2018 4035 4054
,32,2028 2036 5187 4012 2177 5011 4025 2882 4033 2007 4022 4005 5029 5026 4034 1008 2618 4012 3360 4031 4006 2936 4025 4033 2007 5178 2313 5193 4029 5022 4001 5181
,36,5171 4034 4033 2782 4021 4008 5026 5187 5007 4034 5177 2616 5182 4000 4033 3361 5058 4017 2006 4021 2556 4012 4001 3203 2149 5026 4006 1103 2313 4017 1123 3222 2192 4021 4017 4034
,22,2042 5058 4017 2663 5182 4010 2616 5182 4000 3361 4031 4021 5193 4025 1155 2242 4012 4000 2498 5186 4022 4013
,11,3197 5193 4001 2228 2894 4021 2787 4008 3362 4020 4006
,22,2616 2789 2059 5193 4021 1149 2545 5182 4008 2010 5192 2616 4001 2084 2080 4025 2616 5011 4025 3028 4019 1080
,23,3363 4017 5069 5029 5026 4034 4008 1138 5026 5187 5007 4034 5177 2789 2059 5178 1114 2663 2313 4001 2010 5192 4006
,13,2054 5026 5187 5007 4034 5177 2616 1120 3272 2663 2157 4021 1047
,35,5029 5026 4034 4008 2228 2169 2107 4012 1154 3364 5133 2952 4001 5178 2019 5182 4000 3365 2017 4021 5026 5187 5007 4034 5177 3246 2556 4012 4000 2498 5192 4027 2313 5193 4029
,34,5172 5029 5084 5181 2070 4007 2304 2539 5181 5015 4021 5048 5079 2085 4022 2668 2594 1120 2213 2808 4012 4007 1118 5000 5001 2987 4033 2454 2587 4033 2802 2031 4021 1047
,30,2169 3366 2306 2296 4012 2179 4031 4021 5193 4001 1154 2575 4033 4022 4000 5029 5144 2070 4007 2539 1154 2129 5194 4021 4050 5181 5015 4021 5048 5079
,27,5159 4034 3367 2959 1091 2958 2960 2436 1152 2510 5182 4008 2129 5194 4021 1125 2327 2307 4012 2031 4021 4021 1154 2410 2143 4019 4017
,44,2559 2011 5131 2196 2306 2398 4039 2386 4021 4007 3368 2045 5161 5033 5061 5052 5191 4017 5000 5001 2987 5055 5089 5177 3369 5079 5022 5103 5194 5014 4034 4017 4000 2012 3370 2239 4006 2410 3139 2361 4000 2314 4021 4029
,54,3197 4008 4000 5029 5144 2306 2296 4012 4007 1125 3371 2056 4012 2132 4020 4006 3372 5187 4012 3373 2714 3189 4020 4006 2183 2346 4012 2031 4021 4006 3374 5181 5015 4021 5048 5079 2199 4022 2982 5197 4001 3033 1154 2402 4039 2307 2031 4021 4021 1154 2199 4033 1088 1022
,23,2559 4017 1097 5049 3375 2577 4001 2307 2215 5193 2010 5192 4021 1127 1138 1116 2410 4008 2192 4025 4033 1088 1022
,22,1131 2587 4000 2987 2028 2459 4033 2808 4001 2080 4037 3369 5022 5103 5194 5014 4034 4017 2012 2722 4022 4029
,99,2736 2410 3139 4031 4008 2199 4033 1088 1115 2711 5187 4012 1049 3376 5187 4012 4000 2055 5182 1110 2021 5186 4039 2196 3377 2053 4021 4007 3378 3379 3380 3381 1160 3382 5029 2033 4020 2808 4012 4007 2707 5181 5015 4021 5048 5079 5046 5081 5058 5182 4034 5173 5049 5096 4034 5050 5126 5033 5178 5177 5210 5029 4034 5182 4017 5209 5002 5198 5007 5004 5198 5186 5051 5057 5039 5174 5182 4031 4034 5051 2047 1120 2987 2028 2459 4033 2808 2454 2587 4033 2802 2031 4006 2372 5182 4000 2260 4020 1047
,29,2028 2459 4033 2808 5207 5079 5148 5029 5064 5187 4025 5097 5177 4031 4034 4017 2559 5193 5026 4017 2372 2125 5011 4025 2473 4025 4033 1088 1040
,30,2196 4033 2720 4021 4007 1125 2150 2366 4033 5022 4025 5203 5021 5051 5021 5007 5177 5019 5098 4001 2343 5181 2136 4029 1103 2180 5182 2074 4019 1080
,32,2196 5030 4001 2413 2436 2168 2229 4021 4008 5203 5021 5051 2343 5181 4031 1040 2559 5193 5026 4017 2183 2346 4012 4000 2150 2125 4012 2031 4006 2018 4035 4054
,21,2625 1081 2389 5182 4008 2196 5030 4001 5191 2343 4014 4029 1065 2468 2623 2031 5182 4033 4022 4031 1101
,16,3383 2625 3384 2790 5178 2389 2196 3385 1146 1103 2350 4025 4033 2007 4014 4006
,24,1066 2720 4021 4007 1125 2625 5021 5007 5177 5019 5098 4001 5191 2343 5181 2136 4029 1103 2756 2757 2254 2192 4014 4006
,51,2413 2107 2625 5021 5007 5177 5019 5098 4001 5191 2343 4031 4029 1105 1138 5021 5007 5177 5019 4017 2366 4028 5040 4033 5190 5015 5199 4034 5019 5039 5182 4000 5052 5094 5187 4022 4017 2018 5178 1142 2625 2637 4021 1040 1105 1138 1072 2254 2192 4014 4006
,40,2582 2304 2008 1138 5026 5187 5007 4034 5177 2773 2194 1138 1155 4025 5004 5012 4025 4034 4017 3386 2588 1154 2981 5182 4008 2100 4025 4033 1088 1083 1154 2625 4006 2680 2499 5187 4012 2192 4021 4017
,16,3387 3388 1155 4025 5004 5012 4025 4034 5061 4017 3226 3389 5131 2010 5192 4006
,20,3386 1049 3390 4033 2579 5182 4005 2625 3391 2018 4031 4021 1154 2981 2499 5187 4012 2192 4021 4017
,31,2029 4034 4033 4034 2883 3392 3393 4025 2883 1049 3394 4025 2883 4033 2984 4012 4001 3395 5160 2107 5170 4001 1155 5055 4017 5177 2132 2008 2722 4022 1040
,89,2029 4034 4033 4034 2883 4021 3393 4021 3254 4012 2270 2203 4006 3396 2594 5197 4001 1138 3392 3393 4025 2883 4021 3254 4012 2282 2203 4006 3397 2594 5197 4001 1138 2169 2433 5055 4017 5177 3398 4031 1138 3363 5046 2029 4034 4033 4034 2883 4033 2984 4012 3399 2594 5197 4001 1138 3392 3393 4033 2984 4012 3400 2594 5197 4001 1138 3394 4025 2883 4033 2984 4012 3401 2594 5197 4001 1138 2169 2433 5055 4017 5177 2132 4031 1138 2008 2722 4022 1040
,65,2559 4017 2588 1154 2029 4034 4033 4034 2883 3392 3393 4025 2883 3394 4025 2883 2033 4020 2106 2070 4012 4000 5182 1138 1056 2174 2203 4006 3402 3254 4012 1049 2984 4012 4001 5049 2790 2577 5075 3403 2103 4006 3404 2203 3395 2033 5178 2107 4001 1132 5055 4017 5177 1154 2132 2007 4033 4022 4027 1156 2500 2029 2192 4021 1080
,40,2150 2366 5203 5021 5051 5016 5178 5017 1049 5014 5015 4001 2413 2436 2074 4034 5044 5004 4033 4021 1112 2192 4021 2756 2757 2625 4006 2720 3405 2468 3406 5182 4033 2007 4031 1101 1128 2310 4020 1080
,49,2196 2720 4021 4007 1125 5203 5021 5051 3407 5197 4001 2343 5100 5178 2036 2721 2031 5182 4033 1090 2041 4022 4021 1110 2310 4033 4039 4031 4006 1025 2756 2757 3371 5191 2482 5022 4033 4034 4022 5007 4033 5177 1123 2464 4012 2178 4022 4017 4034
,15,2625 4006 3408 2468 3108 2031 5182 4033 2007 4031 1101 1124 2192 4021 4029
,28,2196 2085 4022 2167 2015 4012 4001 1155 5203 5021 5051 4031 4007 3409 3405 2413 2229 3108 2031 5182 4033 1090 2041 5178 2313 5193 4029 2625
,31,2196 4031 4008 3417 3183 2588 1154 2107 4001 3014 2270 2103 2594 2365 4033 4021 1154 2775 2176 1155 5042 4017 5000 4022 2179 4020 2052 4008 3410 4019 1080
,23,2145 2152 2070 2196 4031 4008 3417 3183 4005 2107 4001 3147 2203 2594 2365 4033 4021 1154 2192 4021 2129 4019 4006
,23,2042 5042 4017 5000 4022 2176 2107 4001 2221 2203 3411 4012 1093 2270 2103 2594 2365 4033 4021 1112 2192 4021 1080
,12,3153 2433 3412 4012 3354 4033 2072 4012 4008 2017 4035 4017
,31,1129 3064 5146 2775 3413 5182 1138 2314 5026 4021 4021 4005 3414 2433 3412 4012 2117 4022 4008 1144 2724 4031 4021 1154 5042 4017 5000 4022 2192 4014 4006
,15,3415 1091 2790 2203 4006 3416 2072 4012 4008 1131 2052 2179 4033 1088 1080
,19,3417 5030 4001 5203 5039 5057 4031 4008 1130 1117 2092 4037 5042 4017 3412 4012 2017 4035 4017
,10,2624 2961 2107 4001 2230 2203 2594 2365 4035 4054
,40,3197 5193 4001 3418 5191 5101 5177 4025 4034 5096 4034 4025 5186 4022 5190 5057 5178 2086 5187 4012 4008 1117 3412 4012 2017 4031 4021 1154 5042 4017 5000 4022 2052 2030 4008 2192 4025 4033 1088 1080
,48,3419 4031 4008 5201 5040 5144 5211 5212 5192 2903 4021 4008 2328 4037 2074 5194 4021 3420 3388 5057 5202 4033 4022 5046 4034 5201 5127 5061 5182 4034 2472 2012 2763 3421 4039 3422 2031 4006 2021 5186 4022 4021 1154 2727 2192 4021 4017 4034
,35,5209 4000 4021 5022 5021 4021 4000 5191 1056 5201 5127 5061 5182 4034 4034 4021 4017 4001 5051 4034 3419 4031 4008 2228 2213 2436 5187 4025 5192 1154 3080 4006 2074 4019 4029
,28,3423 2208 4021 4008 1037 2345 5182 4008 2117 4039 4001 2074 5194 4021 2625 3424 1152 3425 5182 4008 2825 5187 4012 4008 2284 2074 4019 1040
,28,2320 2120 4001 1136 2343 4017 5069 3421 4039 3422 2031 4006 2021 5186 4022 4021 1154 3426 2125 5029 4034 5019 4033 5040 5187 2192 4021 4029
,18,2625 3422 2031 4006 2021 5186 4022 1125 2117 4022 4008 5011 5004 5178 2129 4025 4031 1101
,20,2625 4006 2250 2625 4025 5192 4006 3427 1107 3428 2117 5079 5193 4001 2343 4017 5193 2129 4019 4029
,20,3422 2031 4006 2021 5186 4022 4021 5193 4001 1155 2588 5201 4006 5030 5178 2625 3429 4025 4031 1101
,16,2063 2462 4006 2018 4014 4032 1156 5029 4034 5019 4033 5040 5187 2192 4021 4029
,30,3430 2250 1153 2514 5194 4006 2073 4019 4032 1103 2310 4037 3431 3432 3141 4037 2587 3433 4025 2557 5182 4028 4006 1103 2590 2591 2672 3140 4021 4006
,70,4021 5027 5196 5058 4022 4007 5025 5182 5016 5006 4034 4000 5191 1056 5079 3434 2313 4033 4050 5079 5046 5100 5057 5027 2313 4033 4050 1107 3430 2250 1153 2073 5194 4021 4021 1127 1138 5046 5100 5057 5027 2441 4021 4017 4000 4033 2831 4033 4021 4005 4021 4017 4001 3435 3432 2662 5178 1142 2625 5197 4001 2722 2060 5178 1105 1138 2587 3433 4021 4029
,23,2590 2591 3436 4012 3437 4025 4022 5128 5079 5084 5177 5019 5129 4034 3438 4020 2581 3139 4031 4000 2462 4021 4006
,44,2117 4039 4001 1136 2925 4001 5178 3439 4012 1008 2546 4012 4000 3197 4008 1138 3302 2117 4039 2923 2031 5067 5178 2546 4012 4000 4033 2066 4001 5178 3440 4031 4006 2053 4021 4007 2055 5182 4008 3434 2587 3433 4021 1006
,34,3434 4021 4017 4001 2250 3018 5181 1105 1138 5181 4022 5043 5027 2313 4033 4050 1160 4021 5098 5076 5182 2250 1105 1138 2140 3441 4020 5046 5100 5057 5027 3442 4007 4029
,69,2229 3148 4012 4008 2514 5194 4006 2073 4031 4021 1158 2229 4006 4001 2084 2186 2084 5207 2117 4022 4008 3443 4033 4021 1158 3430 2250 4001 1041 1155 3444 2572 4001 3445 4025 2187 1126 1015 1103 2310 4020 3436 4012 3430 1003 3432 3141 5178 3446 2277 2156 5187 4012 4000 4033 3447 2031 4021 4050 4012 1154 2129 4025 2060 5178 2313 5193 4017 4034
,18,3448 2084 3449 1138 2546 5186 1138 3162 4021 3450 4012 1103 3300 2227 5193 4025 2060 5178
,10,3451 2735 1138 3452 3388 4000 3453 4025 2060 5178
,20,3454 2735 1138 3452 2031 4006 2021 4031 4021 5193 4001 2227 5193 2886 4012 1107 2129 4025 2060 5178
,15,3455 2735 4027 3456 4022 1160 2370 2276 2361 5131 4021 3443 4025 2060 5178
,15,5175 4017 1097 2625 4025 5192 4000 3430 3446 1154 3300 3457 4025 2060 5178
,50,1131 3458 1138 2101 5181 4028 5178 5181 2084 3459 4007 2620 4000 2227 5069 2625 1107 2309 4037 2073 4019 4032 1103 2310 4031 4021 4000 5182 1051 2227 5069 2625 4012 4001 3432 2662 2722 2557 5182 4028 4006 1103 3436 4012 3460 4021 2192 4021 4017 4034
,37,1131 2587 4008 5046 5100 5057 5027 2310 4014 4029 1153 2625 5197 4001 5181 4022 5043 5027 1114 2168 2250 2129 4019 4029 1159 1105 1138 2462 4001 5178 1142 3436 4012 2722 4022 4017 4034
,23,2196 3288 4021 1115 3308 3461 4039 3462 2026 2092 4008 3288 4025 4033 1088 1115 3463 4012 1008 3464 3465 4022 1080
,23,1131 3466 4012 4000 2196 2872 2550 2031 5182 2060 5178 1103 3467 2572 3179 1046 2014 5182 4008 2199 4033 1088 1080
,33,3305 2133 2002 5187 4012 4001 4021 3034 5182 1155 2650 5187 4012 4000 2314 4001 5178 2903 5187 4012 1130 3305 3313 4012 4008 2979 2017 4022 4005 2504 5131 2060 5178
,26,1131 3468 2221 2107 4012 4001 4033 3469 5178 1103 2196 2223 4021 4008 2038 4033 4022 3461 4039 3462 4031 4008 2199 4033 1088 1080
,11,2559 2026 3463 4012 4000 4025 1002 2933 3465 4022 1080
,17,2329 2026 3463 4012 1150 2196 3470 2031 5182 2060 5178 1103 1116 2014 2192 4021 1080
,51,2150 4031 4007 2304 2155 3471 3472 5013 5025 5181 5177 4033 4034 4017 5177 1049 2304 3473 3474 5039 5191 4034 4029 5027 5097 5199 1049 2777 5039 5191 4034 4022 5202 5055 4017 5110 5182 4017 2047 2514 5194 4006 3314 4021 2014 5182 4008 2330 2159 4020 1080
,35,5150 5014 5011 5190 5106 5039 5026 1041 1155 3308 3260 1026 1138 1131 3260 4021 4005 2129 2015 4012 1041 1155 2572 1129 2092 4001 3475 5178 1065 1026 1138 2014 3314 4021 1047
,29,2129 2015 4012 1041 1155 3260 4021 4000 3476 2038 4028 2041 4008 3351 2129 2015 4012 1041 1155 2572 2701 5011 4025 2603 4025 2007 4033 4022 4027
,39,2463 5190 5106 5039 5026 4031 1138 2196 4031 1138 3305 3306 3260 4021 4008 2026 2092 4008 3288 4025 4033 1088 1115 3477 4012 4000 3476 3478 2060 5178 1105 1138 2014 5182 4008 2199 4033 1088 1080
,23,2428 5014 5181 2196 2223 4021 4008 2038 4033 4022 3305 2979 3461 4039 3462 2026 3479 4021 1008 3480 3465 4014 4006
,43,3305 3313 4012 4001 3481 3482 5187 4012 4000 5191 4033 5130 2031 5067 5178 2903 5187 4012 1130 2979 2017 4022 4005 2502 5193 4025 2060 5178 1105 1138 2559 2221 2107 4012 4001 4033 3469 5178 1105 1138 2192 4021 1080
,10,2559 2150 2903 5187 4012 4000 3272 3483 4020 1080
,15,2329 1066 2579 5182 4000 4021 3146 4025 2196 2872 2242 2006 4025 2060 5178
,57,2559 4000 2038 4028 2041 4022 4005 2129 2015 4012 1100 2498 5192 4033 4022 1147 2022 5146 3260 2402 4028 5178 5181 2431 4031 4021 1149 2155 3056 5182 4008 2129 2015 4012 1100 2573 2574 2017 4031 4021 5193 4025 1155 2565 2010 5192 4006 1105 1138 2014 5182 4008 2192 4025 4033 1088 1080
,49,3305 2979 3461 3462 4031 4008 3470 5187 4012 2031 4006 3484 4020 2188 3305 3485 3486 3468 4012 4000 5182 1138 2196 2038 4007 4005 3197 2196 5030 4001 2614 5069 3056 5182 4008 1104 2926 2558 5011 4025 2129 4025 4027 1105 1138 2199 4033 1088 1080
,44,2150 4031 4007 2304 2366 5096 4034 5199 5005 5198 2216 5182 4008 1147 3487 4012 4008 2472 1155 5013 5025 5181 5177 4033 4034 4017 5177 2129 2015 4012 1041 1155 3305 3306 3260 3307 4031 4021 4008 3272 3488 2319 4007 4029
,37,2196 2021 5186 4039 2074 4019 1115 3305 2979 3461 4039 3462 5052 5181 2129 2015 4012 1041 1155 3308 3260 2038 4031 4021 4008 3489 5146 2115 2037 4020 1080 1105 1138 2625 2199 4022 1040
,10,3467 3308 2403 3490 5191 2954 3491 4017 5193 4006
,27,2559 4000 2038 4031 4021 4008 2196 5030 4001 1138 2370 3492 5187 4012 2010 5192 4017 1028 1138 2604 4019 1083 1154 2625 2199 4022 4029
,18,3308 3260 4021 4000 2882 5178 1125 2025 5131 3308 3462 4031 4000 2021 5186 4039 3493 1146
,12,2635 3494 2368 4008 2610 5178 2301 4012 4000 2902 2060 5178
,27,3495 2011 5146 3496 2711 5187 4012 4000 2248 4037 4021 3146 4006 4025 2021 5192 5181 1146 1105 1138 4033 4034 4017 5177 2199 4022 1040
,34,2150 5058 4034 5046 5182 4008 1115 2639 4012 3365 3497 5182 2556 2031 4006 2018 4035 4054 1103 4008 5187 5035 2197 5079 5084 5178 5020 5182 4034 4021 4017 2310 4007 4029
,26,4008 5187 5035 2223 4021 4008 2012 2215 5193 3498 4021 4008 2349 4040 2021 5186 4039 5020 5182 4034 4021 4017 2248 4020 4021 1109
,16,2228 2107 3499 4008 2925 5194 4021 3108 4033 2621 4008 2635 2789 2059 5193 4006
,31,1131 2115 5182 4008 2150 1049 5058 4034 5046 5182 4008 2010 5192 2639 4012 2070 4000 5191 2514 5194 4021 4050 4012 3365 3497 5182 2556 4006 2018 4035 4054
,26,2150 5058 4034 5046 5182 4008 1115 2639 4012 2359 2194 4012 2639 4012 2796 4033 2808 4000 3365 2017 4021 2556 4006 2018 4035 4054
,18,3197 3500 3485 4033 2808 4000 5182 1138 2017 4021 2625 4025 5192 2556 4006 2018 4035 4054
,31,4008 5187 5035 5182 4008 2068 5011 4025 2084 2086 4021 4000 2027 4001 5178 2625 4025 5192 4006 2036 4006 4001 1154 2559 4000 5191 2031 4006 2018 4035 4054
,26,5058 4034 5046 2150 4031 4008 1115 2639 4012 2808 4007 2270 2194 4012 1138 1131 3194 4021 4008 2924 5131 2299 4039 2018 4035 4054
,21,2428 5014 5181 2639 4012 3191 4037 2074 5194 4021 3501 4022 4012 3438 4020 3502 4012 3116 4033 1088 1086
,34,3215 5131 2639 4012 4007 3422 4033 2359 5182 4000 5191 2514 5194 4021 4050 4012 1131 3502 4012 4000 2303 4040 2021 5186 4039 3171 2645 1154 3503 4037 3007 2179 4031 4034
,19,1131 2645 3502 4012 4000 2428 5014 5181 2183 4033 3504 3290 4040 3505 4025 5191 2031 4021 1047
,23,3506 4025 4033 4022 2639 4012 4007 2194 4012 3507 3194 5187 4012 4008 2299 4039 2018 4035 4054 2313 5193 4029 2625
,24,2042 2639 4012 2070 4000 3497 4025 2556 4006 2018 5178 2194 4012 4007 3060 4012 4000 2625 2223 4021 4008 2199 4031 1101
,20,2228 2107 2925 5194 4021 2621 5197 4001 4033 1048 2639 4012 3508 3007 4000 5067 5178 2179 4031 1101
,32,1131 2115 5182 4008 2639 4012 1103 3509 4025 2007 4033 4022 4027 2997 4012 4000 4008 5187 5035 3510 2423 2031 4006 2108 5182 4008 2819 5076 4006 2018 4035 4054
,15,3511 2115 3512 2053 4021 4000 4008 5187 5035 2029 2882 4037 2018 4014 4006
,20,1131 2053 4006 4001 2026 2092 4008 2785 2129 4019 1138 1139 3197 4000 2029 2882 4037 2018 4014 4006
,29,3102 2155 2194 4012 4000 3513 4031 4021 5193 4001 1154 2559 4000 2082 5178 2616 3191 4037 2018 4014 4006 1103 3102 4012 2469 4020 2010 5192 4017
,46,5172 5058 2070 4008 3039 2050 5004 5178 3283 4021 4008 2031 5182 3514 3515 2010 5192 4006 1156 2304 2028 2234 1138 5172 5058 2070 4022 4017 3127 2107 4012 2011 5076 5182 4031 4034 1138 1155 5191 5040 4021 5049 4034 2192 4021 4029
,12,2223 2875 4012 2982 4011 2625 5172 5058 2343 4017 5193 1040
,21,5172 5058 2070 4008 2327 3039 5187 4012 2050 4034 4033 1157 2060 5178 1156 2196 2938 4037 2018 4014 4006
,21,5172 5058 2070 4008 3039 2021 5186 4039 2018 4031 4006 1065 2557 5182 4028 4021 4006 2361 1138 2101 5028
,14,2042 3197 3516 3517 1076 5058 5178 2643 4025 2060 5178 2313 5193 4029
,12,2441 2925 4040 2018 5178 3066 4012 3518 1154 2010 5192 4006
,41,2042 2215 5178 3261 5182 4000 5182 1138 2080 3519 4012 4000 5182 1138 2643 4001 5178 1125 3520 3283 4021 4008 5058 5178 2766 2006 4025 2060 4020 2242 4012 3515 2010 5192 4017 1105 1160 3521 5181 2060 5178
,55,3522 3523 5172 5058 3524 2194 1138 3525 3526 1138 1155 4034 5177 5213 5015 5176 5051 5071 5181 3314 4021 3527 3143 4021 4000 5182 1138 2441 2925 4001 5178 3261 5182 4000 5182 1138 2643 4001 5178 1125 5058 5178 1131 3283 4021 4008 1042 3528 4037 2041 4022 4006 2180 4014 4006
,17,5194 5178 4006 3273 4012 4000 2038 4025 2309 4020 4021 1154 3527 3143 2129 4019 4006
,13,2042 2243 3197 4000 2038 2557 5182 4028 5178 5181 2431 4017 4006
,15,2201 3197 2892 4001 1138 2343 5181 4031 1101 2313 5193 4029 4021 5049 4034
,41,3529 4000 5058 2044 5191 2482 1154 2129 5194 4021 5005 4022 5107 5177 5026 5015 5172 5058 4031 4007 2230 4031 4006 2107 2348 5030 4001 1136 5172 5058 3039 2038 2007 4033 4022 4027 1103 2623 2314 4021 4029
,15,2973 5194 4021 2229 3530 4028 5061 5182 2029 1141 2030 2006 4006 4021 4006
,28,3531 2015 4022 4008 2010 5192 2089 3532 4025 3533 5187 4012 4000 5182 1138 3534 5182 1154 2173 2107 4025 5192 4008 2383 4037 1148 2060 5178
,21,3535 5178 2107 4008 3536 5182 4008 3532 4025 3533 5187 4012 1160 1060 2115 2017 2060 5178 1065 1130 3197
