number_of_signs,egypt_new_signs,india_new_signs,source,printed_page,table_id
25,13,20,"Zide & Zvelebil (eds) 1976, The Soviet Decipherment of the Indus Valley Script (Mouton)",40,K1965-T1
50,12,11,"Zide & Zvelebil (eds) 1976, The Soviet Decipherment of the Indus Valley Script (Mouton)",40,K1965-T1
75,14,11,"Zide & Zvelebil (eds) 1976, The Soviet Decipherment of the Indus Valley Script (Mouton)",40,K1965-T1
100,9,7,"Zide & Zvelebil (eds) 1976, The Soviet Decipherment of the Indus Valley Script (Mouton)",40,K1965-T1
125,8,5,"Zide & Zvelebil (eds) 1976, The Soviet Decipherment of the Indus Valley Script (Mouton)",40,K1965-T1
150,5,3,"Zide & Zvelebil (eds) 1976, The Soviet Decipherment of the Indus Valley Script (Mouton)",40,K1965-T1
175,9,4,"Zide & Zvelebil (eds) 1976, The Soviet Decipherment of the Indus Valley Script (Mouton)",40,K1965-T1
200,6,4,"Zide & Zvelebil (eds) 1976, The Soviet Decipherment of the Indus Valley Script (Mouton)",40,K1965-T1
225,4,6,"Zide & Zvelebil (eds) 1976, The Soviet Decipherment of the Indus Valley Script (Mouton)",40,K1965-T1
250,4,3,"Zide & Zvelebil (eds) 1976, The Soviet Decipherment of the Indus Valley Script (Mouton)",40,K1965-T1
275,5,5,"Zide & Zvelebil (eds) 1976, The Soviet Decipherment of the Indus Valley Script (Mouton)",40,K1965-T1
300,2,3,"Zide & Zvelebil (eds) 1976, The Soviet Decipherment of the Indus Valley Script (Mouton)",40,K1965-T1
325,4,2,"Zide & Zvelebil (eds) 1976, The Soviet Decipherment of the Indus Valley Script (Mouton)",40,K1965-T1
350,3,6,"Zide & Zvelebil (eds) 1976, The Soviet Decipherment of the Indus Valley Script (Mouton)",40,K1965-T1
375,3,5,"Zide & Zvelebil (eds) 1976, The Soviet Decipherment of the Indus Valley Script (Mouton)",40,K1965-T1
400,6,6,"Zide & Zvelebil (eds) 1976, The Soviet Decipherment of the Indus Valley Script (Mouton)",40,K1965-T1
425,0,7,"Zide & Zvelebil (eds) 1976, The Soviet Decipherment of the Indus Valley Script (Mouton)",40,K1965-T1
450,4,5,"Zide & Zvelebil (eds) 1976, The Soviet Decipherment of the Indus Valley Script (Mouton)",40,K1965-T1
475,2,5,"Zide & Zvelebil (eds) 1976, The Soviet Decipherment of the Indus Valley Script (Mouton)",40,K1965-T1
500,4,2,"Zide & Zvelebil (eds) 1976, The Soviet Decipherment of the Indus Valley Script (Mouton)",40,K1965-T1
525,2,7,"Zide & Zvelebil (eds) 1976, The Soviet Decipherment of the Indus Valley Script (Mouton)",40,K1965-T1
550,1,3,"Zide & Zvelebil (eds) 1976, The Soviet Decipherment of the Indus Valley Script (Mouton)",40,K1965-T1
575,1,2,"Zide & Zvelebil (eds) 1976, The Soviet Decipherment of the Indus Valley Script (Mouton)",40,K1965-T1
600,4,5,"Zide & Zvelebil (eds) 1976, The Soviet Decipherment of the Indus Valley Script (Mouton)",40,K1965-T1
625,3,1,"Zide & Zvelebil (eds) 1976, The Soviet Decipherment of the Indus Valley Script (Mouton)",40,K1965-T1
650,2,3,"Zide & Zvelebil (eds) 1976, The Soviet Decipherment of the Indus Valley Script (Mouton)",40,K1965-T1
675,5,0,"Zide & Zvelebil (eds) 1976, The Soviet Decipherment of the Indus Valley Script (Mouton)",40,K1965-T1
700,3,6,"Zide & Zvelebil (eds) 1976, The Soviet Decipherment of the Indus Valley Script (Mouton)",40,K1965-T1
725,3,1,"Zide & Zvelebil (eds) 1976, The Soviet Decipherment of the Indus Valley Script (Mouton)",40,K1965-T1
750,2,1,"Zide & Zvelebil (eds) 1976, The Soviet Decipherment of the Indus Valley Script (Mouton)",40,K1965-T1
775,2,1,"Zide & Zvelebil (eds) 1976, The Soviet Decipherment of the Indus Valley Script (Mouton)",40,K1965-T1
800,3,1,"Zide & Zvelebil (eds) 1976, The Soviet Decipherment of the Indus Valley Script (Mouton)",40,K1965-T1
825,3,2,"Zide & Zvelebil (eds) 1976, The Soviet Decipherment of the Indus Valley Script (Mouton)",40,K1965-T1
850,4,3,"Zide & Zvelebil (eds) 1976, The Soviet Decipherment of the Indus Valley Script (Mouton)",40,K1965-T1
875,1,1,"Zide & Zvelebil (eds) 1976, The Soviet Decipherment of the Indus Valley Script (Mouton)",40,K1965-T1
900,4,2,"Zide & Zvelebil (eds) 1976, The Soviet Decipherment of the Indus Valley Script (Mouton)",40,K1965-T1
925,2,0,"Zide & Zvelebil (eds) 1976, The Soviet Decipherment of the Indus Valley Script (Mouton)",40,K1965-T1
950,1,2,"Zide & Zvelebil (eds) 1976, The Soviet Decipherment of the Indus Valley Script (Mouton)",40,K1965-T1
975,1,1,"Zide & Zvelebil (eds) 1976, The Soviet Decipherment of the Indus Valley Script (Mouton)",40,K1965-T1
1000,1,2,"Zide & Zvelebil (eds) 1976, The Soviet Decipherment of the Indus Valley Script (Mouton)",40,K1965-T1
1025,2,1,"Zide & Zvelebil (eds) 1976, The Soviet Decipherment of the Indus Valley Script (Mouton)",40,K1965-T1
1050,3,4,"Zide & Zvelebil (eds) 1976, The Soviet Decipherment of the Indus Valley Script (Mouton)",40,K1965-T1
1075,5,1,"Zide & Zvelebil (eds) 1976, The Soviet Decipherment of the Indus Valley Script (Mouton)",40,K1965-T1
1100,1,0,"Zide & Zvelebil (eds) 1976, The Soviet Decipherment of the Indus Valley Script (Mouton)",40,K1965-T1
1125,1,1,"Zide & Zvelebil (eds) 1976, The Soviet Decipherment of the Indus Valley Script (Mouton)",40,K1965-T1
1150,2,4,"Zide & Zvelebil (eds) 1976, The Soviet Decipherment of the Indus Valley Script (Mouton)",40,K1965-T1
1175,1,1,"Zide & Zvelebil (eds) 1976, The Soviet Decipherment of the Indus Valley Script (Mouton)",40,K1965-T1
1200,1,0,"Zide & Zvelebil (eds) 1976, The Soviet Decipherment of the Indus Valley Script (Mouton)",40,K1965-T1
1225,1,2,"Zide & Zvelebil (eds) 1976, The Soviet Decipherment of the Indus Valley Script (Mouton)",40,K1965-T1
1250,3,0,"Zide & Zvelebil (eds) 1976, The Soviet Decipherment of the Indus Valley Script (Mouton)",40,K1965-T1
1275,0,2,"Zide & Zvelebil (eds) 1976, The Soviet Decipherment of the Indus Valley Script (Mouton)",40,K1965-T1
1300,0,0,"Zide & Zvelebil (eds) 1976, The Soviet Decipherment of the Indus Valley Script (Mouton)",40,K1965-T1
1325,0,1,"Zide & Zvelebil (eds) 1976, The Soviet Decipherment of the Indus Valley Script (Mouton)",40,K1965-T1
1350,3,0,"Zide & Zvelebil (eds) 1976, The Soviet Decipherment of the Indus Valley Script (Mouton)",40,K1965-T1
1375,0,0,"Zide & Zvelebil (eds) 1976, The Soviet Decipherment of the Indus Valley Script (Mouton)",40,K1965-T1
1400,2,2,"Zide & Zvelebil (eds) 1976, The Soviet Decipherment of the Indus Valley Script (Mouton)",40,K1965-T1
