corpus,row,len2,len3,len4,len5,len6,len7,len8,len9,total,source,printed_page,table_id
egyptian,total,212,95,37,12,11,2,2,2,373,"Zide & Zvelebil (eds) 1976, The Soviet Decipherment of the Indus Valley Script (Mouton)",43,K1965-T3
egyptian,total_pct_of_text,25.1,18.0,9.2,3.9,4.1,0.9,1.0,1.1,63.3,"Zide & Zvelebil (eds) 1976, The Soviet Decipherment of the Indus Valley Script (Mouton)",43,K1965-T3
egyptian,total_relative_frequencies,76,41,16,5,5,1,1,1,146,"Zide & Zvelebil (eds) 1976, The Soviet Decipherment of the Indus Valley Script (Mouton)",43,K1965-T3
egyptian,genuine,143,78,35,12,11,2,2,2,285,"Zide & Zvelebil (eds) 1976, The Soviet Decipherment of the Indus Valley Script (Mouton)",43,K1965-T3
egyptian,genuine_pct_of_text,17.3,14.2,8.7,3.9,4.1,0.9,1.0,1.1,51.2,"Zide & Zvelebil (eds) 1976, The Soviet Decipherment of the Indus Valley Script (Mouton)",43,K1965-T3
egyptian,errors,69,17,2,0,0,0,0,6,88,"Zide & Zvelebil (eds) 1976, The Soviet Decipherment of the Indus Valley Script (Mouton)",43,K1965-T3
egyptian,errors_pct_of_text,7.8,3.8,0.5,0,0,0,0,0,12.1,"Zide & Zvelebil (eds) 1976, The Soviet Decipherment of the Indus Valley Script (Mouton)",43,K1965-T3
egyptian,referent_phoneme,17,0,0,0,0,0,0,0,17,"Zide & Zvelebil (eds) 1976, The Soviet Decipherment of the Indus Valley Script (Mouton)",43,K1965-T3
egyptian,referent_phoneme_pct_of_text,2.1,0,0,0,0,0,0,0,2.1,"Zide & Zvelebil (eds) 1976, The Soviet Decipherment of the Indus Valley Script (Mouton)",43,K1965-T3
egyptian,referent_morpheme,81,21,1,0,0,0,0,0,103,"Zide & Zvelebil (eds) 1976, The Soviet Decipherment of the Indus Valley Script (Mouton)",43,K1965-T3
egyptian,referent_morpheme_pct_of_text,9.9,4.0,0.3,0,0,0,0,0,14.2,"Zide & Zvelebil (eds) 1976, The Soviet Decipherment of the Indus Valley Script (Mouton)",43,K1965-T3
egyptian,referent_word,45,51,16,12,4,0,2,2,132,"Zide & Zvelebil (eds) 1976, The Soviet Decipherment of the Indus Valley Script (Mouton)",43,K1965-T3
egyptian,referent_word_pct_of_text,5.3,9.1,4.0,3.9,1.5,0,1.0,1.1,25.9,"Zide & Zvelebil (eds) 1976, The Soviet Decipherment of the Indus Valley Script (Mouton)",43,K1965-T3
egyptian,referent_word_combination,0,6,18,0,7,2,0,0,33,"Zide & Zvelebil (eds) 1976, The Soviet Decipherment of the Indus Valley Script (Mouton)",43,K1965-T3
egyptian,referent_word_combination_pct_of_text,0,1.1,4.4,0,3.6,0.9,0,0,10.0,"Zide & Zvelebil (eds) 1976, The Soviet Decipherment of the Indus Valley Script (Mouton)",43,K1965-T3
proto_indian,total,1246,558,164,19,6,4,0,0,1999,"Zide & Zvelebil (eds) 1976, The Soviet Decipherment of the Indus Valley Script (Mouton)",43,K1965-T3
proto_indian,errors,408,160,48,8,4,0,0,0,626,"Zide & Zvelebil (eds) 1976, The Soviet Decipherment of the Indus Valley Script (Mouton)",43,K1965-T3
proto_indian,errors_relative_frequency,101,39,23,4,2,0,0,0,168,"Zide & Zvelebil (eds) 1976, The Soviet Decipherment of the Indus Valley Script (Mouton)",43,K1965-T3
proto_indian,genuine,840,398,116,11,2,4,0,0,1371,"Zide & Zvelebil (eds) 1976, The Soviet Decipherment of the Indus Valley Script (Mouton)",43,K1965-T3
proto_indian,genuine_pct_of_text,26.7,19.0,7.3,0.8,0.2,0.4,0,0,54.4,"Zide & Zvelebil (eds) 1976, The Soviet Decipherment of the Indus Valley Script (Mouton)",43,K1965-T3
proto_indian,genuine_relative_frequencies,301,128,41,5,1,2,0,0,478,"Zide & Zvelebil (eds) 1976, The Soviet Decipherment of the Indus Valley Script (Mouton)",43,K1965-T3
