initial_sign_1,initial_sign_2,final_87,final_124,final_68,final_96,final_97,final_87_dash,final_66,row_total_printed,source,printed_page,table_id
232,501,52,16,6,12,3,4,1,94,"Zide & Zvelebil (eds) 1976, The Soviet Decipherment of the Indus Valley Script (Mouton)",47,K1965-T4
232,118,0,1,0,1,0,1,0,3,"Zide & Zvelebil (eds) 1976, The Soviet Decipherment of the Indus Valley Script (Mouton)",47,K1965-T4
233,500,3,0,0,0,1,1,0,5,"Zide & Zvelebil (eds) 1976, The Soviet Decipherment of the Indus Valley Script (Mouton)",47,K1965-T4
233,501,21,4,1,5,1,0,0,32,"Zide & Zvelebil (eds) 1976, The Soviet Decipherment of the Indus Valley Script (Mouton)",47,K1965-T4
99,507,8,2,0,0,0,0,0,10,"Zide & Zvelebil (eds) 1976, The Soviet Decipherment of the Indus Valley Script (Mouton)",47,K1965-T4
160,507,10,1,1,1,0,0,0,13,"Zide & Zvelebil (eds) 1976, The Soviet Decipherment of the Indus Valley Script (Mouton)",47,K1965-T4
160,118,1,0,0,1,0,0,0,2,"Zide & Zvelebil (eds) 1976, The Soviet Decipherment of the Indus Valley Script (Mouton)",47,K1965-T4
160,500,0,1,0,0,0,0,0,1,"Zide & Zvelebil (eds) 1976, The Soviet Decipherment of the Indus Valley Script (Mouton)",47,K1965-T4
PRINTED_TOTAL,,102,28,8,20,5,6,2,171,"Zide & Zvelebil (eds) 1976, The Soviet Decipherment of the Indus Valley Script (Mouton)",47,K1965-T4
