sign,anchor_set,treatment,wells_graphemes,correspondence_method,thesis_source,verification,implication_note,note
M011,pending_non_sa_validation,SPLIT,159;160;161,REGISTRY,"PhD 2006, Fig. 3.2 (thesis p. 90); numbering as cross-matched in the held canonical registry (Wells 2015 form of the Wells/ICIT list)",,"If Wells's segmentation were adopted, tokens counted under M011 in the Mahadevan-lineage corpus would divide among Wells graphemes 159, 160, 161; frequency and positional statistics computed on the pooled sign would need recomputation per grapheme. Note: M014 also map(s) to one or more of these graphemes, so the division is not a clean partition.",
M021,pending_non_sa_validation,INDETERMINATE,,NONE,,,Indeterminate: no conditional implication is recorded.,"No correspondence in the held canonical registry, no entry in the MA thesis Fig. 3.6 concordance, and the glyph could not be located with confidence in the PhD Fig. 3.2 plates; treatment not determinable from the theses as held. No inference made."
M024,pending_non_sa_validation,SAME,134,REGISTRY,"PhD 2006, Fig. 3.2 (thesis p. 90); numbering as cross-matched in the held canonical registry (Wells 2015 form of the Wells/ICIT list)",,"Wells's list carries a one-to-one counterpart (134); if Wells's segmentation were adopted, the sign's token identity would carry over by name, though the underlying corpora differ (Wells's ECIT/ICIT vs Mahadevan 1977).",
M028,pending_non_sa_validation,SPLIT,125;126,REGISTRY,"PhD 2006, Fig. 3.2 (thesis p. 90); numbering as cross-matched in the held canonical registry (Wells 2015 form of the Wells/ICIT list)",,"If Wells's segmentation were adopted, tokens counted under M028 in the Mahadevan-lineage corpus would divide among Wells graphemes 125, 126; frequency and positional statistics computed on the pooled sign would need recomputation per grapheme.",
M031,pending_non_sa_validation,SAME,117,REGISTRY,"PhD 2006, Fig. 3.2 (thesis p. 90); numbering as cross-matched in the held canonical registry (Wells 2015 form of the Wells/ICIT list)",,"Wells's list carries a one-to-one counterpart (117); if Wells's segmentation were adopted, the sign's token identity would carry over by name, though the underlying corpora differ (Wells's ECIT/ICIT vs Mahadevan 1977).",
M033,pending_non_sa_validation,INDETERMINATE,,NONE,,,Indeterminate: no conditional implication is recorded.,"Chain-only lead: the program's ICIT conversion layer aligns this sign with Wells/ICIT code 143 (4 tokens, kind 'chain'), a correspondence that runs through the unmerged Phase-122 crosswalk chain (PR #81). Phase-123 does not depend on unmerged artifacts in committed outputs, so the row is recorded indeterminate with the chain noted as an open lead for a future spec."
M035,pending_non_sa_validation,SAME,113,REGISTRY,"PhD 2006, Fig. 3.2 (thesis p. 90); numbering as cross-matched in the held canonical registry (Wells 2015 form of the Wells/ICIT list)",,"Wells's list carries a one-to-one counterpart (113); if Wells's segmentation were adopted, the sign's token identity would carry over by name, though the underlying corpora differ (Wells's ECIT/ICIT vs Mahadevan 1977).",
M036,pending_non_sa_validation,SAME,122,REGISTRY,"PhD 2006, Fig. 3.2 (thesis p. 90); numbering as cross-matched in the held canonical registry (Wells 2015 form of the Wells/ICIT list)",,"Wells's list carries a one-to-one counterpart (122); if Wells's segmentation were adopted, the sign's token identity would carry over by name, though the underlying corpora differ (Wells's ECIT/ICIT vs Mahadevan 1977).",
M040,pending_non_sa_validation,SAME,137,REGISTRY,"PhD 2006, Fig. 3.2 (thesis p. 90); numbering as cross-matched in the held canonical registry (Wells 2015 form of the Wells/ICIT list)",,"Wells's list carries a one-to-one counterpart (137); if Wells's segmentation were adopted, the sign's token identity would carry over by name, though the underlying corpora differ (Wells's ECIT/ICIT vs Mahadevan 1977).",
M058,pending_non_sa_validation,INDETERMINATE,,NONE,,,Indeterminate: no conditional implication is recorded.,"No correspondence in the held canonical registry, no entry in the MA thesis Fig. 3.6 concordance, and the glyph could not be located with confidence in the PhD Fig. 3.2 plates; treatment not determinable from the theses as held. No inference made."
M071,pending_non_sa_validation,SAME,232,REGISTRY,"PhD 2006, Fig. 3.2 (thesis p. 90); numbering as cross-matched in the held canonical registry (Wells 2015 form of the Wells/ICIT list)",,"Wells's list carries a one-to-one counterpart (232); if Wells's segmentation were adopted, the sign's token identity would carry over by name, though the underlying corpora differ (Wells's ECIT/ICIT vs Mahadevan 1977).",
M072,pending_non_sa_validation,SAME,233,REGISTRY,"PhD 2006, Fig. 3.2 (thesis p. 90); numbering as cross-matched in the held canonical registry (Wells 2015 form of the Wells/ICIT list)",,"Wells's list carries a one-to-one counterpart (233); if Wells's segmentation were adopted, the sign's token identity would carry over by name, though the underlying corpora differ (Wells's ECIT/ICIT vs Mahadevan 1977).",
M101,CANDIDATE,SAME,012,REGISTRY,"PhD 2006, Fig. 3.2 (thesis p. 90); numbering as cross-matched in the held canonical registry (Wells 2015 form of the Wells/ICIT list)",,"Wells's list carries a one-to-one counterpart (012); if Wells's segmentation were adopted, the sign's token identity would carry over by name, though the underlying corpora differ (Wells's ECIT/ICIT vs Mahadevan 1977).",
M102,pending_non_sa_validation,MERGE,003,REGISTRY,"PhD 2006, Fig. 3.2 (thesis p. 90); numbering as cross-matched in the held canonical registry (Wells 2015 form of the Wells/ICIT list)",,"If Wells's segmentation were adopted, M102 and M103 would be counted as the single Wells grapheme 003; their token counts would pool and any contrast drawn between them would disappear.",
M103,pending_non_sa_validation,SPLIT,003;013,REGISTRY,"PhD 2006, Fig. 3.2 (thesis p. 90); numbering as cross-matched in the held canonical registry (Wells 2015 form of the Wells/ICIT list)",,"If Wells's segmentation were adopted, tokens counted under M103 in the Mahadevan-lineage corpus would divide among Wells graphemes 003, 013; frequency and positional statistics computed on the pooled sign would need recomputation per grapheme. Note: M102 also map(s) to one or more of these graphemes, so the division is not a clean partition.",
M104,CANDIDATE,SPLIT,004;014,REGISTRY,"PhD 2006, Fig. 3.2 (thesis p. 90); numbering as cross-matched in the held canonical registry (Wells 2015 form of the Wells/ICIT list)",,"If Wells's segmentation were adopted, tokens counted under M104 in the Mahadevan-lineage corpus would divide among Wells graphemes 004, 014; frequency and positional statistics computed on the pooled sign would need recomputation per grapheme. Note: M105 also map(s) to one or more of these graphemes, so the division is not a clean partition.",
M105,CANDIDATE,SPLIT,004;014,REGISTRY,"PhD 2006, Fig. 3.2 (thesis p. 90); numbering as cross-matched in the held canonical registry (Wells 2015 form of the Wells/ICIT list)",,"If Wells's segmentation were adopted, tokens counted under M105 in the Mahadevan-lineage corpus would divide among Wells graphemes 004, 014; frequency and positional statistics computed on the pooled sign would need recomputation per grapheme. Note: M104 also map(s) to one or more of these graphemes, so the division is not a clean partition.",
M106,CANDIDATE,SPLIT,005;015,REGISTRY,"PhD 2006, Fig. 3.2 (thesis p. 90); numbering as cross-matched in the held canonical registry (Wells 2015 form of the Wells/ICIT list)",,"If Wells's segmentation were adopted, tokens counted under M106 in the Mahadevan-lineage corpus would divide among Wells graphemes 005, 015; frequency and positional statistics computed on the pooled sign would need recomputation per grapheme. Note: M107 also map(s) to one or more of these graphemes, so the division is not a clean partition.",
M109,CANDIDATE,SPLIT,006;016,REGISTRY,"PhD 2006, Fig. 3.2 (thesis p. 90); numbering as cross-matched in the held canonical registry (Wells 2015 form of the Wells/ICIT list)",,"If Wells's segmentation were adopted, tokens counted under M109 in the Mahadevan-lineage corpus would divide among Wells graphemes 006, 016; frequency and positional statistics computed on the pooled sign would need recomputation per grapheme. Note: M108 also map(s) to one or more of these graphemes, so the division is not a clean partition.",
M111,CANDIDATE,SPLIT,048;049,REGISTRY,"PhD 2006, Fig. 3.2 (thesis p. 90); numbering as cross-matched in the held canonical registry (Wells 2015 form of the Wells/ICIT list)",,"If Wells's segmentation were adopted, tokens counted under M111 in the Mahadevan-lineage corpus would divide among Wells graphemes 048, 049; frequency and positional statistics computed on the pooled sign would need recomputation per grapheme. Note: M113 also map(s) to one or more of these graphemes, so the division is not a clean partition.",
M112,CANDIDATE,SPLIT,007;017,REGISTRY,"PhD 2006, Fig. 3.2 (thesis p. 90); numbering as cross-matched in the held canonical registry (Wells 2015 form of the Wells/ICIT list)",,"If Wells's segmentation were adopted, tokens counted under M112 in the Mahadevan-lineage corpus would divide among Wells graphemes 007, 017; frequency and positional statistics computed on the pooled sign would need recomputation per grapheme. Note: M110 also map(s) to one or more of these graphemes, so the division is not a clean partition.",
M115,CANDIDATE,MERGE,019,REGISTRY,"PhD 2006, Fig. 3.2 (thesis p. 90); numbering as cross-matched in the held canonical registry (Wells 2015 form of the Wells/ICIT list)",,"If Wells's segmentation were adopted, M115 and M116 would be counted as the single Wells grapheme 019; their token counts would pool and any contrast drawn between them would disappear.",
M116,CANDIDATE,MERGE,019,REGISTRY,"PhD 2006, Fig. 3.2 (thesis p. 90); numbering as cross-matched in the held canonical registry (Wells 2015 form of the Wells/ICIT list)",,"If Wells's segmentation were adopted, M116 and M115 would be counted as the single Wells grapheme 019; their token counts would pool and any contrast drawn between them would disappear.",
M120,CANDIDATE,SPLIT,025;026;027;028;029,REGISTRY,"PhD 2006, Fig. 3.2 (thesis p. 90); numbering as cross-matched in the held canonical registry (Wells 2015 form of the Wells/ICIT list)",,"If Wells's segmentation were adopted, tokens counted under M120 in the Mahadevan-lineage corpus would divide among Wells graphemes 025, 026, 027, 028, 029; frequency and positional statistics computed on the pooled sign would need recomputation per grapheme. Note: M119 also map(s) to one or more of these graphemes, so the division is not a clean partition.",
M123,CANDIDATE,SAME,060,REGISTRY,"PhD 2006, Fig. 3.2 (thesis p. 90); numbering as cross-matched in the held canonical registry (Wells 2015 form of the Wells/ICIT list)",,"Wells's list carries a one-to-one counterpart (060); if Wells's segmentation were adopted, the sign's token identity would carry over by name, though the underlying corpora differ (Wells's ECIT/ICIT vs Mahadevan 1977).",
M126,CANDIDATE,INDETERMINATE,,NONE,,,Indeterminate: no conditional implication is recorded.,"Chain-only lead: the program's ICIT conversion layer aligns this sign with Wells/ICIT codes 016 (49 tokens) and 006 (7 tokens), both kind 'chain' via the unmerged Phase-122 crosswalk chain (PR #81). Recorded indeterminate for the same reason as M033; if the chain correspondence were confirmed, the two-code alignment would indicate a SPLIT treatment - stated here as a conditional lead only, not a finding."
M127,pending_non_sa_validation,SAME,440,REGISTRY,"PhD 2006, Fig. 3.2 (thesis p. 91); numbering as cross-matched in the held canonical registry (Wells 2015 form of the Wells/ICIT list)",verified,"Wells's list carries a one-to-one counterpart (440); if Wells's segmentation were adopted, the sign's token identity would carry over by name, though the underlying corpora differ (Wells's ECIT/ICIT vs Mahadevan 1977).",W440 plate glyph (squared hook) matches the Mahadevan glyph.
M129,CANDIDATE,SAME,066,REGISTRY,"PhD 2006, Fig. 3.2 (thesis p. 90); numbering as cross-matched in the held canonical registry (Wells 2015 form of the Wells/ICIT list)",,"Wells's list carries a one-to-one counterpart (066); if Wells's segmentation were adopted, the sign's token identity would carry over by name, though the underlying corpora differ (Wells's ECIT/ICIT vs Mahadevan 1977).",
M131,CANDIDATE,SAME,454,REGISTRY,"PhD 2006, Fig. 3.2 (thesis p. 91); numbering as cross-matched in the held canonical registry (Wells 2015 form of the Wells/ICIT list)",,"Wells's list carries a one-to-one counterpart (454); if Wells's segmentation were adopted, the sign's token identity would carry over by name, though the underlying corpora differ (Wells's ECIT/ICIT vs Mahadevan 1977).",
M133,CANDIDATE,SAME,451,REGISTRY,"PhD 2006, Fig. 3.2 (thesis p. 91); numbering as cross-matched in the held canonical registry (Wells 2015 form of the Wells/ICIT list)",,"Wells's list carries a one-to-one counterpart (451); if Wells's segmentation were adopted, the sign's token identity would carry over by name, though the underlying corpora differ (Wells's ECIT/ICIT vs Mahadevan 1977).",
M134,CANDIDATE,SAME,480,REGISTRY,"PhD 2006, Fig. 3.2 (thesis p. 91); numbering as cross-matched in the held canonical registry (Wells 2015 form of the Wells/ICIT list)",,"Wells's list carries a one-to-one counterpart (480); if Wells's segmentation were adopted, the sign's token identity would carry over by name, though the underlying corpora differ (Wells's ECIT/ICIT vs Mahadevan 1977).",
M135,CANDIDATE,SAME,482,REGISTRY,"PhD 2006, Fig. 3.2 (thesis p. 91); numbering as cross-matched in the held canonical registry (Wells 2015 form of the Wells/ICIT list)",,"Wells's list carries a one-to-one counterpart (482); if Wells's segmentation were adopted, the sign's token identity would carry over by name, though the underlying corpora differ (Wells's ECIT/ICIT vs Mahadevan 1977).",
M136,CANDIDATE,SAME,484,REGISTRY,"PhD 2006, Fig. 3.2 (thesis p. 91); numbering as cross-matched in the held canonical registry (Wells 2015 form of the Wells/ICIT list)",,"Wells's list carries a one-to-one counterpart (484); if Wells's segmentation were adopted, the sign's token identity would carry over by name, though the underlying corpora differ (Wells's ECIT/ICIT vs Mahadevan 1977).",
M138,CANDIDATE,SAME,678,REGISTRY,"PhD 2006, Fig. 3.2 (thesis p. 91); numbering as cross-matched in the held canonical registry (Wells 2015 form of the Wells/ICIT list)",,"Wells's list carries a one-to-one counterpart (678); if Wells's segmentation were adopted, the sign's token identity would carry over by name, though the underlying corpora differ (Wells's ECIT/ICIT vs Mahadevan 1977).",
M140,CANDIDATE,SAME,680,REGISTRY,"PhD 2006, Fig. 3.2 (thesis p. 91); numbering as cross-matched in the held canonical registry (Wells 2015 form of the Wells/ICIT list)",,"Wells's list carries a one-to-one counterpart (680); if Wells's segmentation were adopted, the sign's token identity would carry over by name, though the underlying corpora differ (Wells's ECIT/ICIT vs Mahadevan 1977).",
M146,CANDIDATE,SPLIT,683;684,REGISTRY,"PhD 2006, Fig. 3.2 (thesis p. 92); numbering as cross-matched in the held canonical registry (Wells 2015 form of the Wells/ICIT list)",,"If Wells's segmentation were adopted, tokens counted under M146 in the Mahadevan-lineage corpus would divide among Wells graphemes 683, 684; frequency and positional statistics computed on the pooled sign would need recomputation per grapheme. Note: M147 also map(s) to one or more of these graphemes, so the division is not a clean partition.",
M147,CANDIDATE,SPLIT,683;684,REGISTRY,"PhD 2006, Fig. 3.2 (thesis p. 92); numbering as cross-matched in the held canonical registry (Wells 2015 form of the Wells/ICIT list)",,"If Wells's segmentation were adopted, tokens counted under M147 in the Mahadevan-lineage corpus would divide among Wells graphemes 683, 684; frequency and positional statistics computed on the pooled sign would need recomputation per grapheme. Note: M146 also map(s) to one or more of these graphemes, so the division is not a clean partition.",
M149,pending_non_sa_validation,SAME,690,REGISTRY,"PhD 2006, Fig. 3.2 (thesis p. 92); numbering as cross-matched in the held canonical registry (Wells 2015 form of the Wells/ICIT list)",partial,"Wells's list carries a one-to-one counterpart (690); if Wells's segmentation were adopted, the sign's token identity would carry over by name, though the underlying corpora differ (Wells's ECIT/ICIT vs Mahadevan 1977).",W690 is the X-family grapheme; the Mahadevan glyph's chevron end-treatment is rendered more simply in the Wells font.
M153,pending_non_sa_validation,SAME,520,GLYPH,"PhD 2006, Fig. 3.2, thesis p. 91",verified,"Wells's list carries a one-to-one counterpart (520); if Wells's segmentation were adopted, the sign's token identity would carry over by name, though the underlying corpora differ (Wells's ECIT/ICIT vs Mahadevan 1977).",Plain stemmed arrow; plate sign 520 is the plain-arrow grapheme.
M155,pending_non_sa_validation,SPLIT,070;072,REGISTRY,"PhD 2006, Fig. 3.2 (thesis p. 90); numbering as cross-matched in the held canonical registry (Wells 2015 form of the Wells/ICIT list)",,"If Wells's segmentation were adopted, tokens counted under M155 in the Mahadevan-lineage corpus would divide among Wells graphemes 070, 072; frequency and positional statistics computed on the pooled sign would need recomputation per grapheme.",
M156,CANDIDATE,SAME,073,REGISTRY,"PhD 2006, Fig. 3.2 (thesis p. 90); numbering as cross-matched in the held canonical registry (Wells 2015 form of the Wells/ICIT list)",,"Wells's list carries a one-to-one counterpart (073); if Wells's segmentation were adopted, the sign's token identity would carry over by name, though the underlying corpora differ (Wells's ECIT/ICIT vs Mahadevan 1977).",
M157,CANDIDATE,SAME,071,REGISTRY,"PhD 2006, Fig. 3.2 (thesis p. 90); numbering as cross-matched in the held canonical registry (Wells 2015 form of the Wells/ICIT list)",,"Wells's list carries a one-to-one counterpart (071); if Wells's segmentation were adopted, the sign's token identity would carry over by name, though the underlying corpora differ (Wells's ECIT/ICIT vs Mahadevan 1977).",
M158,CANDIDATE,SAME,080,REGISTRY,"PhD 2006, Fig. 3.2 (thesis p. 90); numbering as cross-matched in the held canonical registry (Wells 2015 form of the Wells/ICIT list)",,"Wells's list carries a one-to-one counterpart (080); if Wells's segmentation were adopted, the sign's token identity would carry over by name, though the underlying corpora differ (Wells's ECIT/ICIT vs Mahadevan 1977).",
M168,pending_non_sa_validation,SPLIT,390;392;405;406;407;408;411,REGISTRY,"PhD 2006, Fig. 3.2 (thesis p. 91); numbering as cross-matched in the held canonical registry (Wells 2015 form of the Wells/ICIT list)",,"If Wells's segmentation were adopted, tokens counted under M168 in the Mahadevan-lineage corpus would divide among Wells graphemes 390, 392, 405, 406, 407, 408, 411; frequency and positional statistics computed on the pooled sign would need recomputation per grapheme. Note: M161/M162/M167/M169 also map(s) to one or more of these graphemes, so the division is not a clean partition.",
M169,pending_non_sa_validation,SPLIT,390;392;405;406;407;408,REGISTRY,"PhD 2006, Fig. 3.2 (thesis p. 91); numbering as cross-matched in the held canonical registry (Wells 2015 form of the Wells/ICIT list)",,"If Wells's segmentation were adopted, tokens counted under M169 in the Mahadevan-lineage corpus would divide among Wells graphemes 390, 392, 405, 406, 407, 408; frequency and positional statistics computed on the pooled sign would need recomputation per grapheme. Note: M161/M162/M167/M168 also map(s) to one or more of these graphemes, so the division is not a clean partition.",
M170,CANDIDATE,SAME,950,REGISTRY,"PhD 2006, Fig. 3.2 (thesis p. 92); numbering as cross-matched in the held canonical registry (Wells 2015 form of the Wells/ICIT list)",,"Wells's list carries a one-to-one counterpart (950); if Wells's segmentation were adopted, the sign's token identity would carry over by name, though the underlying corpora differ (Wells's ECIT/ICIT vs Mahadevan 1977).",
M177,pending_non_sa_validation,SAME,413,REGISTRY,"PhD 2006, Fig. 3.2 (thesis p. 91); numbering as cross-matched in the held canonical registry (Wells 2015 form of the Wells/ICIT list)",,"Wells's list carries a one-to-one counterpart (413); if Wells's segmentation were adopted, the sign's token identity would carry over by name, though the underlying corpora differ (Wells's ECIT/ICIT vs Mahadevan 1977).",
M178,pending_non_sa_validation,SPLIT,465;467;468;469;470;471;472;473;474;475,REGISTRY,"PhD 2006, Fig. 3.2 (thesis p. 91); numbering as cross-matched in the held canonical registry (Wells 2015 form of the Wells/ICIT list); MA 1998, Fig. 3.6 (thesis p. 77)",,"If Wells's segmentation were adopted, tokens counted under M178 in the Mahadevan-lineage corpus would divide among Wells graphemes 465, 467, 468, 469, 470, 471, 472, 473, 474, 475; frequency and positional statistics computed on the pooled sign would need recomputation per grapheme.","MA Fig. 3.6 gives Wells (1997) no(s). 436-446 for this sign (MA treatment: SPLIT), under the MA numbering."
M181,CANDIDATE,SPLIT,307;308;309,REGISTRY,"PhD 2006, Fig. 3.2 (thesis p. 90/p. 91); numbering as cross-matched in the held canonical registry (Wells 2015 form of the Wells/ICIT list)",,"If Wells's segmentation were adopted, tokens counted under M181 in the Mahadevan-lineage corpus would divide among Wells graphemes 307, 308, 309; frequency and positional statistics computed on the pooled sign would need recomputation per grapheme.",
M183,pending_non_sa_validation,SAME,321,REGISTRY,"PhD 2006, Fig. 3.2 (thesis p. 91); numbering as cross-matched in the held canonical registry (Wells 2015 form of the Wells/ICIT list)",,"Wells's list carries a one-to-one counterpart (321); if Wells's segmentation were adopted, the sign's token identity would carry over by name, though the underlying corpora differ (Wells's ECIT/ICIT vs Mahadevan 1977).",
M186,CANDIDATE,SAME,317,REGISTRY,"PhD 2006, Fig. 3.2 (thesis p. 91); numbering as cross-matched in the held canonical registry (Wells 2015 form of the Wells/ICIT list)",,"Wells's list carries a one-to-one counterpart (317); if Wells's segmentation were adopted, the sign's token identity would carry over by name, though the underlying corpora differ (Wells's ECIT/ICIT vs Mahadevan 1977).",
M195,CANDIDATE,SAME,572,REGISTRY,"PhD 2006, Fig. 3.2 (thesis p. 91); numbering as cross-matched in the held canonical registry (Wells 2015 form of the Wells/ICIT list)",,"Wells's list carries a one-to-one counterpart (572); if Wells's segmentation were adopted, the sign's token identity would carry over by name, though the underlying corpora differ (Wells's ECIT/ICIT vs Mahadevan 1977).",
M197,CANDIDATE,SAME,575,REGISTRY,"PhD 2006, Fig. 3.2 (thesis p. 91); numbering as cross-matched in the held canonical registry (Wells 2015 form of the Wells/ICIT list)",,"Wells's list carries a one-to-one counterpart (575); if Wells's segmentation were adopted, the sign's token identity would carry over by name, though the underlying corpora differ (Wells's ECIT/ICIT vs Mahadevan 1977).",
M200,CANDIDATE,SPLIT,570;571,REGISTRY,"PhD 2006, Fig. 3.2 (thesis p. 91); numbering as cross-matched in the held canonical registry (Wells 2015 form of the Wells/ICIT list)",,"If Wells's segmentation were adopted, tokens counted under M200 in the Mahadevan-lineage corpus would divide among Wells graphemes 570, 571; frequency and positional statistics computed on the pooled sign would need recomputation per grapheme. Note: M199 also map(s) to one or more of these graphemes, so the division is not a clean partition.",
M201,CANDIDATE,SAME,362,REGISTRY,"PhD 2006, Fig. 3.2 (thesis p. 91); numbering as cross-matched in the held canonical registry (Wells 2015 form of the Wells/ICIT list)",,"Wells's list carries a one-to-one counterpart (362); if Wells's segmentation were adopted, the sign's token identity would carry over by name, though the underlying corpora differ (Wells's ECIT/ICIT vs Mahadevan 1977).",
M203,CANDIDATE,SAME,361,REGISTRY,"PhD 2006, Fig. 3.2 (thesis p. 91); numbering as cross-matched in the held canonical registry (Wells 2015 form of the Wells/ICIT list)",,"Wells's list carries a one-to-one counterpart (361); if Wells's segmentation were adopted, the sign's token identity would carry over by name, though the underlying corpora differ (Wells's ECIT/ICIT vs Mahadevan 1977).",
M207,CANDIDATE,INDETERMINATE,,NONE,,,Indeterminate: no conditional implication is recorded.,"No correspondence in the held canonical registry, no entry in the MA thesis Fig. 3.6 concordance, and the glyph could not be located with confidence in the PhD Fig. 3.2 plates; treatment not determinable from the theses as held. No inference made."
M208,CANDIDATE,SAME,505,REGISTRY,"PhD 2006, Fig. 3.2 (thesis p. 91); numbering as cross-matched in the held canonical registry (Wells 2015 form of the Wells/ICIT list)",,"Wells's list carries a one-to-one counterpart (505); if Wells's segmentation were adopted, the sign's token identity would carry over by name, though the underlying corpora differ (Wells's ECIT/ICIT vs Mahadevan 1977).",
M209,CANDIDATE,SAME,500,REGISTRY,"PhD 2006, Fig. 3.2 (thesis p. 91); numbering as cross-matched in the held canonical registry (Wells 2015 form of the Wells/ICIT list)",,"Wells's list carries a one-to-one counterpart (500); if Wells's segmentation were adopted, the sign's token identity would carry over by name, though the underlying corpora differ (Wells's ECIT/ICIT vs Mahadevan 1977).",
M210,CANDIDATE,SAME,502,REGISTRY,"PhD 2006, Fig. 3.2 (thesis p. 91); numbering as cross-matched in the held canonical registry (Wells 2015 form of the Wells/ICIT list)",,"Wells's list carries a one-to-one counterpart (502); if Wells's segmentation were adopted, the sign's token identity would carry over by name, though the underlying corpora differ (Wells's ECIT/ICIT vs Mahadevan 1977).",
M213,CANDIDATE,SAME,092,GLYPH,"PhD 2006, Fig. 3.2, thesis p. 90; MA 1998, Fig. 3.6, thesis p. 77 (Wells 1997 no. 48)",verified,"Wells's list carries a one-to-one counterpart (092); if Wells's segmentation were adopted, the sign's token identity would carry over by name, though the underlying corpora differ (Wells's ECIT/ICIT vs Mahadevan 1977).",Inverted-triangle-on-stem glyph located in both theses' lists. Glyph match in both theses (see GLYPH_MATCHES).
M214,CANDIDATE,SAME,540,REGISTRY,"PhD 2006, Fig. 3.2 (thesis p. 91); numbering as cross-matched in the held canonical registry (Wells 2015 form of the Wells/ICIT list)",,"Wells's list carries a one-to-one counterpart (540); if Wells's segmentation were adopted, the sign's token identity would carry over by name, though the underlying corpora differ (Wells's ECIT/ICIT vs Mahadevan 1977).",
M217,CANDIDATE,INDETERMINATE,,NONE,,,Indeterminate: no conditional implication is recorded.,"No correspondence in the held canonical registry, no entry in the MA thesis Fig. 3.6 concordance, and the glyph could not be located with confidence in the PhD Fig. 3.2 plates; treatment not determinable from the theses as held. No inference made."
M218,CANDIDATE,INDETERMINATE,,NONE,,,Indeterminate: no conditional implication is recorded.,"No correspondence in the held canonical registry, no entry in the MA thesis Fig. 3.6 concordance, and the glyph could not be located with confidence in the PhD Fig. 3.2 plates; treatment not determinable from the theses as held. No inference made."
M219,CANDIDATE,SPLIT,560;561,REGISTRY,"PhD 2006, Fig. 3.2 (thesis p. 91); numbering as cross-matched in the held canonical registry (Wells 2015 form of the Wells/ICIT list)",,"If Wells's segmentation were adopted, tokens counted under M219 in the Mahadevan-lineage corpus would divide among Wells graphemes 560, 561; frequency and positional statistics computed on the pooled sign would need recomputation per grapheme.",
M223,pending_non_sa_validation,SAME,564,REGISTRY,"PhD 2006, Fig. 3.2 (thesis p. 91); numbering as cross-matched in the held canonical registry (Wells 2015 form of the Wells/ICIT list)",,"Wells's list carries a one-to-one counterpart (564); if Wells's segmentation were adopted, the sign's token identity would carry over by name, though the underlying corpora differ (Wells's ECIT/ICIT vs Mahadevan 1977).",
M224,CANDIDATE,SAME,565,REGISTRY,"PhD 2006, Fig. 3.2 (thesis p. 91); numbering as cross-matched in the held canonical registry (Wells 2015 form of the Wells/ICIT list)",,"Wells's list carries a one-to-one counterpart (565); if Wells's segmentation were adopted, the sign's token identity would carry over by name, though the underlying corpora differ (Wells's ECIT/ICIT vs Mahadevan 1977).",
M226,CANDIDATE,SAME,554,REGISTRY,"PhD 2006, Fig. 3.2 (thesis p. 91); numbering as cross-matched in the held canonical registry (Wells 2015 form of the Wells/ICIT list)",,"Wells's list carries a one-to-one counterpart (554); if Wells's segmentation were adopted, the sign's token identity would carry over by name, though the underlying corpora differ (Wells's ECIT/ICIT vs Mahadevan 1977).",
M227,CANDIDATE,SAME,532,REGISTRY,"PhD 2006, Fig. 3.2 (thesis p. 91); numbering as cross-matched in the held canonical registry (Wells 2015 form of the Wells/ICIT list)",,"Wells's list carries a one-to-one counterpart (532); if Wells's segmentation were adopted, the sign's token identity would carry over by name, though the underlying corpora differ (Wells's ECIT/ICIT vs Mahadevan 1977).",
M230,CANDIDATE,SAME,460,REGISTRY,"PhD 2006, Fig. 3.2 (thesis p. 91); numbering as cross-matched in the held canonical registry (Wells 2015 form of the Wells/ICIT list)",,"Wells's list carries a one-to-one counterpart (460); if Wells's segmentation were adopted, the sign's token identity would carry over by name, though the underlying corpora differ (Wells's ECIT/ICIT vs Mahadevan 1977).",
M235,pending_non_sa_validation,SAME,457,REGISTRY,"PhD 2006, Fig. 3.2 (thesis p. 91); numbering as cross-matched in the held canonical registry (Wells 2015 form of the Wells/ICIT list)",,"Wells's list carries a one-to-one counterpart (457); if Wells's segmentation were adopted, the sign's token identity would carry over by name, though the underlying corpora differ (Wells's ECIT/ICIT vs Mahadevan 1977).",
M237,pending_non_sa_validation,SPLIT,600;625,REGISTRY,"PhD 2006, Fig. 3.2 (thesis p. 91); numbering as cross-matched in the held canonical registry (Wells 2015 form of the Wells/ICIT list)",,"If Wells's segmentation were adopted, tokens counted under M237 in the Mahadevan-lineage corpus would divide among Wells graphemes 600, 625; frequency and positional statistics computed on the pooled sign would need recomputation per grapheme.",
M239,pending_non_sa_validation,SAME,602,REGISTRY,"PhD 2006, Fig. 3.2 (thesis p. 91); numbering as cross-matched in the held canonical registry (Wells 2015 form of the Wells/ICIT list)",,"Wells's list carries a one-to-one counterpart (602); if Wells's segmentation were adopted, the sign's token identity would carry over by name, though the underlying corpora differ (Wells's ECIT/ICIT vs Mahadevan 1977).",
M240,CANDIDATE,INDETERMINATE,,NONE,,,Indeterminate: no conditional implication is recorded.,"No correspondence in the held canonical registry, no entry in the MA thesis Fig. 3.6 concordance, and the glyph could not be located with confidence in the PhD Fig. 3.2 plates; treatment not determinable from the theses as held. No inference made."
M242,CANDIDATE,SPLIT,621;622,REGISTRY,"PhD 2006, Fig. 3.2 (thesis p. 91); numbering as cross-matched in the held canonical registry (Wells 2015 form of the Wells/ICIT list)",,"If Wells's segmentation were adopted, tokens counted under M242 in the Mahadevan-lineage corpus would divide among Wells graphemes 621, 622; frequency and positional statistics computed on the pooled sign would need recomputation per grapheme.",
M243,CANDIDATE,SAME,623,REGISTRY,"PhD 2006, Fig. 3.2 (thesis p. 91); numbering as cross-matched in the held canonical registry (Wells 2015 form of the Wells/ICIT list)",,"Wells's list carries a one-to-one counterpart (623); if Wells's segmentation were adopted, the sign's token identity would carry over by name, though the underlying corpora differ (Wells's ECIT/ICIT vs Mahadevan 1977).",
M245,CANDIDATE,MERGE,615,REGISTRY,"PhD 2006, Fig. 3.2 (thesis p. 91); numbering as cross-matched in the held canonical registry (Wells 2015 form of the Wells/ICIT list)",,"If Wells's segmentation were adopted, M245 and M241 would be counted as the single Wells grapheme 615; their token counts would pool and any contrast drawn between them would disappear.",
M247,CANDIDATE,SAME,626,REGISTRY,"PhD 2006, Fig. 3.2 (thesis p. 91); numbering as cross-matched in the held canonical registry (Wells 2015 form of the Wells/ICIT list)",,"Wells's list carries a one-to-one counterpart (626); if Wells's segmentation were adopted, the sign's token identity would carry over by name, though the underlying corpora differ (Wells's ECIT/ICIT vs Mahadevan 1977).",
M250,CANDIDATE,SAME,592,REGISTRY,"PhD 2006, Fig. 3.2 (thesis p. 91); numbering as cross-matched in the held canonical registry (Wells 2015 form of the Wells/ICIT list)",,"Wells's list carries a one-to-one counterpart (592); if Wells's segmentation were adopted, the sign's token identity would carry over by name, though the underlying corpora differ (Wells's ECIT/ICIT vs Mahadevan 1977).",
M251,CANDIDATE,SAME,593,REGISTRY,"PhD 2006, Fig. 3.2 (thesis p. 91); numbering as cross-matched in the held canonical registry (Wells 2015 form of the Wells/ICIT list)",,"Wells's list carries a one-to-one counterpart (593); if Wells's segmentation were adopted, the sign's token identity would carry over by name, though the underlying corpora differ (Wells's ECIT/ICIT vs Mahadevan 1977).",
M254,pending_non_sa_validation,SPLIT,526;527,REGISTRY,"PhD 2006, Fig. 3.2 (thesis p. 91); numbering as cross-matched in the held canonical registry (Wells 2015 form of the Wells/ICIT list)",verified,"If Wells's segmentation were adopted, tokens counted under M254 in the Mahadevan-lineage corpus would divide among Wells graphemes 526, 527; frequency and positional statistics computed on the pooled sign would need recomputation per grapheme.",W526 (two-band banner on a stem) matches modulo mirror orientation (seal vs impression drawing convention); W527 is the unbanded ladder variant.
M255,CANDIDATE,SAME,363,REGISTRY,"PhD 2006, Fig. 3.2 (thesis p. 91); numbering as cross-matched in the held canonical registry (Wells 2015 form of the Wells/ICIT list)",,"Wells's list carries a one-to-one counterpart (363); if Wells's segmentation were adopted, the sign's token identity would carry over by name, though the underlying corpora differ (Wells's ECIT/ICIT vs Mahadevan 1977).",
M256,CANDIDATE,SAME,611,REGISTRY,"PhD 2006, Fig. 3.2 (thesis p. 91); numbering as cross-matched in the held canonical registry (Wells 2015 form of the Wells/ICIT list)",,"Wells's list carries a one-to-one counterpart (611); if Wells's segmentation were adopted, the sign's token identity would carry over by name, though the underlying corpora differ (Wells's ECIT/ICIT vs Mahadevan 1977).",
M258,CANDIDATE,SPLIT,604;605,REGISTRY,"PhD 2006, Fig. 3.2 (thesis p. 91); numbering as cross-matched in the held canonical registry (Wells 2015 form of the Wells/ICIT list)",,"If Wells's segmentation were adopted, tokens counted under M258 in the Mahadevan-lineage corpus would divide among Wells graphemes 604, 605; frequency and positional statistics computed on the pooled sign would need recomputation per grapheme.",
M259,CANDIDATE,SAME,483,REGISTRY,"PhD 2006, Fig. 3.2 (thesis p. 91); numbering as cross-matched in the held canonical registry (Wells 2015 form of the Wells/ICIT list)",,"Wells's list carries a one-to-one counterpart (483); if Wells's segmentation were adopted, the sign's token identity would carry over by name, though the underlying corpora differ (Wells's ECIT/ICIT vs Mahadevan 1977).",
M260,CANDIDATE,INDETERMINATE,,NONE,,,Indeterminate: no conditional implication is recorded.,"No correspondence in the held canonical registry, no entry in the MA thesis Fig. 3.6 concordance, and the glyph could not be located with confidence in the PhD Fig. 3.2 plates; treatment not determinable from the theses as held. No inference made."
M262,pending_non_sa_validation,SAME,860,REGISTRY,"PhD 2006, Fig. 3.2 (thesis p. 92); numbering as cross-matched in the held canonical registry (Wells 2015 form of the Wells/ICIT list)",verified,"Wells's list carries a one-to-one counterpart (860); if Wells's segmentation were adopted, the sign's token identity would carry over by name, though the underlying corpora differ (Wells's ECIT/ICIT vs Mahadevan 1977).","W860 Appendix I sheet (thesis p. 278) shows the diamond with the small mark at the right corner, matching the Mahadevan glyph's corner fork."
M270,pending_non_sa_validation,SAME,863,REGISTRY,"PhD 2006, Fig. 3.2 (thesis p. 92); numbering as cross-matched in the held canonical registry (Wells 2015 form of the Wells/ICIT list)",,"Wells's list carries a one-to-one counterpart (863); if Wells's segmentation were adopted, the sign's token identity would carry over by name, though the underlying corpora differ (Wells's ECIT/ICIT vs Mahadevan 1977).",
M272,pending_non_sa_validation,SAME,865,REGISTRY,"PhD 2006, Fig. 3.2 (thesis p. 92); numbering as cross-matched in the held canonical registry (Wells 2015 form of the Wells/ICIT list)",,"Wells's list carries a one-to-one counterpart (865); if Wells's segmentation were adopted, the sign's token identity would carry over by name, though the underlying corpora differ (Wells's ECIT/ICIT vs Mahadevan 1977).",
M274,CANDIDATE,SAME,866,GLYPH,"PhD 2006, Appendix I per-sign sheet, thesis p. 278",verified,"Wells's list carries a one-to-one counterpart (866); if Wells's segmentation were adopted, the sign's token identity would carry over by name, though the underlying corpora differ (Wells's ECIT/ICIT vs Mahadevan 1977).",Diamond with a star mark above each top corner; Appendix I sheet 866 glyph matches. Fig. 3.2 plate rendering of 866 is smaller and less clear.
M277,CANDIDATE,SPLIT,869;871,REGISTRY,"PhD 2006, Fig. 3.2 (thesis p. 92); numbering as cross-matched in the held canonical registry (Wells 2015 form of the Wells/ICIT list)",,"If Wells's segmentation were adopted, tokens counted under M277 in the Mahadevan-lineage corpus would divide among Wells graphemes 869, 871; frequency and positional statistics computed on the pooled sign would need recomputation per grapheme. Note: M279/M280/M282/M283 also map(s) to one or more of these graphemes, so the division is not a clean partition.",
M278,CANDIDATE,SAME,870,REGISTRY,"PhD 2006, Fig. 3.2 (thesis p. 92); numbering as cross-matched in the held canonical registry (Wells 2015 form of the Wells/ICIT list)",,"Wells's list carries a one-to-one counterpart (870); if Wells's segmentation were adopted, the sign's token identity would carry over by name, though the underlying corpora differ (Wells's ECIT/ICIT vs Mahadevan 1977).",
M280,CANDIDATE,SPLIT,869;871,REGISTRY,"PhD 2006, Fig. 3.2 (thesis p. 92); numbering as cross-matched in the held canonical registry (Wells 2015 form of the Wells/ICIT list)",,"If Wells's segmentation were adopted, tokens counted under M280 in the Mahadevan-lineage corpus would divide among Wells graphemes 869, 871; frequency and positional statistics computed on the pooled sign would need recomputation per grapheme. Note: M277/M279/M282/M283 also map(s) to one or more of these graphemes, so the division is not a clean partition.",
M281,pending_non_sa_validation,INDETERMINATE,,NONE,,,Indeterminate: no conditional implication is recorded.,"No correspondence in the held canonical registry, no entry in the MA thesis Fig. 3.6 concordance, and the glyph could not be located with confidence in the PhD Fig. 3.2 plates; treatment not determinable from the theses as held. No inference made."
M286,CANDIDATE,SAME,880,REGISTRY,"PhD 2006, Fig. 3.2 (thesis p. 92); numbering as cross-matched in the held canonical registry (Wells 2015 form of the Wells/ICIT list)",,"Wells's list carries a one-to-one counterpart (880); if Wells's segmentation were adopted, the sign's token identity would carry over by name, though the underlying corpora differ (Wells's ECIT/ICIT vs Mahadevan 1977).",
M287,CANDIDATE,SAME,900,REGISTRY,"PhD 2006, Fig. 3.2 (thesis p. 92); numbering as cross-matched in the held canonical registry (Wells 2015 form of the Wells/ICIT list)",verified,"Wells's list carries a one-to-one counterpart (900); if Wells's segmentation were adopted, the sign's token identity would carry over by name, though the underlying corpora differ (Wells's ECIT/ICIT vs Mahadevan 1977).",W900 is the single-arc grapheme; thickness difference is font weight only.
M293,pending_non_sa_validation,SAME,920,REGISTRY,"PhD 2006, Fig. 3.2 (thesis p. 92); numbering as cross-matched in the held canonical registry (Wells 2015 form of the Wells/ICIT list)",discrepancy,"Wells's list carries a one-to-one counterpart (920); if Wells's segmentation were adopted, the sign's token identity would carry over by name, though the underlying corpora differ (Wells's ECIT/ICIT vs Mahadevan 1977).","Registry assigns W920, whose Fig. 3.2 plate glyph is a plain thin arc; the Mahadevan glyph carries a closed loop on the arc. Wells's own PhD discussion (thesis pp. 73-75, Tables 3.1-3.2) treats signs 920 and 921 as separate graphemes whose distinction is subtle; which of the pair carries the looped form could not be settled from the plate rendering. Row kept as the registry states it; discrepancy recorded."
M297,CANDIDATE,SAME,924,REGISTRY,"PhD 2006, Fig. 3.2 (thesis p. 92); numbering as cross-matched in the held canonical registry (Wells 2015 form of the Wells/ICIT list)",,"Wells's list carries a one-to-one counterpart (924); if Wells's segmentation were adopted, the sign's token identity would carry over by name, though the underlying corpora differ (Wells's ECIT/ICIT vs Mahadevan 1977).",
M298,CANDIDATE,SAME,908,REGISTRY,"PhD 2006, Fig. 3.2 (thesis p. 92); numbering as cross-matched in the held canonical registry (Wells 2015 form of the Wells/ICIT list)",,"Wells's list carries a one-to-one counterpart (908); if Wells's segmentation were adopted, the sign's token identity would carry over by name, though the underlying corpora differ (Wells's ECIT/ICIT vs Mahadevan 1977).",
M301,CANDIDATE,SAME,921,REGISTRY,"PhD 2006, Fig. 3.2 (thesis p. 92); numbering as cross-matched in the held canonical registry (Wells 2015 form of the Wells/ICIT list)",,"Wells's list carries a one-to-one counterpart (921); if Wells's segmentation were adopted, the sign's token identity would carry over by name, though the underlying corpora differ (Wells's ECIT/ICIT vs Mahadevan 1977).",
M303,CANDIDATE,SAME,906,REGISTRY,"PhD 2006, Fig. 3.2 (thesis p. 92); numbering as cross-matched in the held canonical registry (Wells 2015 form of the Wells/ICIT list)",,"Wells's list carries a one-to-one counterpart (906); if Wells's segmentation were adopted, the sign's token identity would carry over by name, though the underlying corpora differ (Wells's ECIT/ICIT vs Mahadevan 1977).",
M304,pending_non_sa_validation,SAME,890,REGISTRY,"PhD 2006, Fig. 3.2 (thesis p. 92); numbering as cross-matched in the held canonical registry (Wells 2015 form of the Wells/ICIT list)",verified,"Wells's list carries a one-to-one counterpart (890); if Wells's segmentation were adopted, the sign's token identity would carry over by name, though the underlying corpora differ (Wells's ECIT/ICIT vs Mahadevan 1977).","W890 plate glyph is the plain D outline, matching."
M307,CANDIDATE,SAME,892,REGISTRY,"PhD 2006, Fig. 3.2 (thesis p. 92); numbering as cross-matched in the held canonical registry (Wells 2015 form of the Wells/ICIT list)",,"Wells's list carries a one-to-one counterpart (892); if Wells's segmentation were adopted, the sign's token identity would carry over by name, though the underlying corpora differ (Wells's ECIT/ICIT vs Mahadevan 1977).",
M309,CANDIDATE,SPLIT,531;533,REGISTRY,"PhD 2006, Fig. 3.2 (thesis p. 91); numbering as cross-matched in the held canonical registry (Wells 2015 form of the Wells/ICIT list)",,"If Wells's segmentation were adopted, tokens counted under M309 in the Mahadevan-lineage corpus would divide among Wells graphemes 531, 533; frequency and positional statistics computed on the pooled sign would need recomputation per grapheme. Note: M228 also map(s) to one or more of these graphemes, so the division is not a clean partition.",
M310,CANDIDATE,SAME,894,REGISTRY,"PhD 2006, Fig. 3.2 (thesis p. 92); numbering as cross-matched in the held canonical registry (Wells 2015 form of the Wells/ICIT list)",,"Wells's list carries a one-to-one counterpart (894); if Wells's segmentation were adopted, the sign's token identity would carry over by name, though the underlying corpora differ (Wells's ECIT/ICIT vs Mahadevan 1977).",
M312,CANDIDATE,NOT-COVERED,,GLYPH-SEARCH-NEGATIVE,"PhD 2006, Fig. 3.2 (thesis pp. 90-92); MA 1998, Fig. 3.6 (thesis p. 77)",,"No counterpart grapheme was found in Wells's list; if Wells's segmentation were adopted, M312's tokens would have to be assigned to component or neighbouring graphemes - the theses do not record which (open question).","A plain wide arch (single broad curve) appears nowhere in the PhD Fig. 3.2 plates (thesis pp. 90-92), whose arc signs are all narrow parenthesis/C forms (signs 900-921)."
M314,CANDIDATE,INDETERMINATE,,NONE,,,Indeterminate: no conditional implication is recorded.,"No correspondence in the held canonical registry, no entry in the MA thesis Fig. 3.6 concordance, and the glyph could not be located with confidence in the PhD Fig. 3.2 plates; treatment not determinable from the theses as held. No inference made."
M316,CANDIDATE,INDETERMINATE,,NONE,,,Indeterminate: no conditional implication is recorded.,"No correspondence in the held canonical registry, no entry in the MA thesis Fig. 3.6 concordance, and the glyph could not be located with confidence in the PhD Fig. 3.2 plates; treatment not determinable from the theses as held. No inference made."
M318,CANDIDATE,SAME,932,REGISTRY,"PhD 2006, Fig. 3.2 (thesis p. 92); numbering as cross-matched in the held canonical registry (Wells 2015 form of the Wells/ICIT list)",,"Wells's list carries a one-to-one counterpart (932); if Wells's segmentation were adopted, the sign's token identity would carry over by name, though the underlying corpora differ (Wells's ECIT/ICIT vs Mahadevan 1977).",
M320,CANDIDATE,SAME,166,REGISTRY,"PhD 2006, Fig. 3.2 (thesis p. 90); numbering as cross-matched in the held canonical registry (Wells 2015 form of the Wells/ICIT list)",,"Wells's list carries a one-to-one counterpart (166); if Wells's segmentation were adopted, the sign's token identity would carry over by name, though the underlying corpora differ (Wells's ECIT/ICIT vs Mahadevan 1977).",
M322,CANDIDATE,SAME,168,REGISTRY,"PhD 2006, Fig. 3.2 (thesis p. 90); numbering as cross-matched in the held canonical registry (Wells 2015 form of the Wells/ICIT list)",,"Wells's list carries a one-to-one counterpart (168); if Wells's segmentation were adopted, the sign's token identity would carry over by name, though the underlying corpora differ (Wells's ECIT/ICIT vs Mahadevan 1977).",
M323,CANDIDATE,SAME,380,REGISTRY,"PhD 2006, Fig. 3.2 (thesis p. 91); numbering as cross-matched in the held canonical registry (Wells 2015 form of the Wells/ICIT list)",,"Wells's list carries a one-to-one counterpart (380); if Wells's segmentation were adopted, the sign's token identity would carry over by name, though the underlying corpora differ (Wells's ECIT/ICIT vs Mahadevan 1977).",
M324,CANDIDATE,INDETERMINATE,,NONE,,,Indeterminate: no conditional implication is recorded.,"No correspondence in the held canonical registry, no entry in the MA thesis Fig. 3.6 concordance, and the glyph could not be located with confidence in the PhD Fig. 3.2 plates; treatment not determinable from the theses as held. No inference made."
M327,CANDIDATE,SAME,388,REGISTRY,"PhD 2006, Fig. 3.2 (thesis p. 91); numbering as cross-matched in the held canonical registry (Wells 2015 form of the Wells/ICIT list)",,"Wells's list carries a one-to-one counterpart (388); if Wells's segmentation were adopted, the sign's token identity would carry over by name, though the underlying corpora differ (Wells's ECIT/ICIT vs Mahadevan 1977).",
M332,pending_non_sa_validation,SPLIT,732;734,REGISTRY,"PhD 2006, Fig. 3.2 (thesis p. 92); numbering as cross-matched in the held canonical registry (Wells 2015 form of the Wells/ICIT list)",verified,"If Wells's segmentation were adopted, tokens counted under M332 in the Mahadevan-lineage corpus would divide among Wells graphemes 732, 734; frequency and positional statistics computed on the pooled sign would need recomputation per grapheme.",W734 (U with fringe below the base) matches the Mahadevan glyph; W732 is the side-rooted variant.
M334,CANDIDATE,SAME,731,REGISTRY,"PhD 2006, Fig. 3.2 (thesis p. 92); numbering as cross-matched in the held canonical registry (Wells 2015 form of the Wells/ICIT list)",,"Wells's list carries a one-to-one counterpart (731); if Wells's segmentation were adopted, the sign's token identity would carry over by name, though the underlying corpora differ (Wells's ECIT/ICIT vs Mahadevan 1977).",
M339,CANDIDATE,SAME,719,REGISTRY,"PhD 2006, Fig. 3.2 (thesis p. 92); numbering as cross-matched in the held canonical registry (Wells 2015 form of the Wells/ICIT list)",,"Wells's list carries a one-to-one counterpart (719); if Wells's segmentation were adopted, the sign's token identity would carry over by name, though the underlying corpora differ (Wells's ECIT/ICIT vs Mahadevan 1977).",
M340,CANDIDATE,INDETERMINATE,,NONE,,,Indeterminate: no conditional implication is recorded.,"No correspondence in the held canonical registry, no entry in the MA thesis Fig. 3.6 concordance, and the glyph could not be located with confidence in the PhD Fig. 3.2 plates; treatment not determinable from the theses as held. No inference made."
M341,CANDIDATE,SPLIT,716;717,REGISTRY,"PhD 2006, Fig. 3.2 (thesis p. 92); numbering as cross-matched in the held canonical registry (Wells 2015 form of the Wells/ICIT list)",,"If Wells's segmentation were adopted, tokens counted under M341 in the Mahadevan-lineage corpus would divide among Wells graphemes 716, 717; frequency and positional statistics computed on the pooled sign would need recomputation per grapheme.",
M345,pending_non_sa_validation,SPLIT,745;746;747,REGISTRY,"PhD 2006, Fig. 3.2 (thesis p. 92); numbering as cross-matched in the held canonical registry (Wells 2015 form of the Wells/ICIT list)",verified,"If Wells's segmentation were adopted, tokens counted under M345 in the Mahadevan-lineage corpus would divide among Wells graphemes 745, 746, 747; frequency and positional statistics computed on the pooled sign would need recomputation per grapheme.","W745-W747 are the jar graphemes distinguished by rim marking, the family to which the Mahadevan glyph (jar with central rim teeth) belongs."
M346,CANDIDATE,SAME,749,REGISTRY,"PhD 2006, Fig. 3.2 (thesis p. 92); numbering as cross-matched in the held canonical registry (Wells 2015 form of the Wells/ICIT list)",,"Wells's list carries a one-to-one counterpart (749); if Wells's segmentation were adopted, the sign's token identity would carry over by name, though the underlying corpora differ (Wells's ECIT/ICIT vs Mahadevan 1977).",
M350,pending_non_sa_validation,SAME,764,REGISTRY,"PhD 2006, Fig. 3.2 (thesis p. 92); numbering as cross-matched in the held canonical registry (Wells 2015 form of the Wells/ICIT list)",,"Wells's list carries a one-to-one counterpart (764); if Wells's segmentation were adopted, the sign's token identity would carry over by name, though the underlying corpora differ (Wells's ECIT/ICIT vs Mahadevan 1977).",
M354,CANDIDATE,INDETERMINATE,,NONE,,,Indeterminate: no conditional implication is recorded.,"No correspondence in the held canonical registry, no entry in the MA thesis Fig. 3.6 concordance, and the glyph could not be located with confidence in the PhD Fig. 3.2 plates; treatment not determinable from the theses as held. No inference made."
M355,pending_non_sa_validation,SAME,753,REGISTRY,"PhD 2006, Fig. 3.2 (thesis p. 92); numbering as cross-matched in the held canonical registry (Wells 2015 form of the Wells/ICIT list)",,"Wells's list carries a one-to-one counterpart (753); if Wells's segmentation were adopted, the sign's token identity would carry over by name, though the underlying corpora differ (Wells's ECIT/ICIT vs Mahadevan 1977).",
M356,CANDIDATE,INDETERMINATE,,NONE,,,Indeterminate: no conditional implication is recorded.,"No correspondence in the held canonical registry, no entry in the MA thesis Fig. 3.6 concordance, and the glyph could not be located with confidence in the PhD Fig. 3.2 plates; treatment not determinable from the theses as held. No inference made."
M359,CANDIDATE,INDETERMINATE,,NONE,,,Indeterminate: no conditional implication is recorded.,"No correspondence in the held canonical registry, no entry in the MA thesis Fig. 3.6 concordance, and the glyph could not be located with confidence in the PhD Fig. 3.2 plates; treatment not determinable from the theses as held. No inference made."
M360,CANDIDATE,INDETERMINATE,,NONE,,,Indeterminate: no conditional implication is recorded.,"No correspondence in the held canonical registry, no entry in the MA thesis Fig. 3.6 concordance, and the glyph could not be located with confidence in the PhD Fig. 3.2 plates; treatment not determinable from the theses as held. No inference made."
M363,CANDIDATE,SPLIT,777;778;782,REGISTRY,"PhD 2006, Fig. 3.2 (thesis p. 92); numbering as cross-matched in the held canonical registry (Wells 2015 form of the Wells/ICIT list)",,"If Wells's segmentation were adopted, tokens counted under M363 in the Mahadevan-lineage corpus would divide among Wells graphemes 777, 778, 782; frequency and positional statistics computed on the pooled sign would need recomputation per grapheme. Note: M362/M364 also map(s) to one or more of these graphemes, so the division is not a clean partition.",
M364,CANDIDATE,SPLIT,777;778;782,REGISTRY,"PhD 2006, Fig. 3.2 (thesis p. 92); numbering as cross-matched in the held canonical registry (Wells 2015 form of the Wells/ICIT list)",,"If Wells's segmentation were adopted, tokens counted under M364 in the Mahadevan-lineage corpus would divide among Wells graphemes 777, 778, 782; frequency and positional statistics computed on the pooled sign would need recomputation per grapheme. Note: M362/M363 also map(s) to one or more of these graphemes, so the division is not a clean partition.",
M365,pending_non_sa_validation,NOT-COVERED,,GLYPH-SEARCH-NEGATIVE,"PhD 2006, Fig. 3.2 (thesis pp. 90-92); MA 1998, Fig. 3.6 (thesis p. 77)",,"No counterpart grapheme was found in Wells's list; if Wells's segmentation were adopted, M365's tokens would have to be assigned to component or neighbouring graphemes - the theses do not record which (open question).",A plain open V appears nowhere in the PhD Fig. 3.2 plates (thesis pp. 90-92); the 700 block is U-shaped jars/cups and no V grapheme is listed.
M369,CANDIDATE,SAME,782,GLYPH,"PhD 2006, Fig. 3.2, thesis p. 92",verified,"Wells's list carries a one-to-one counterpart (782); if Wells's segmentation were adopted, the sign's token identity would carry over by name, though the underlying corpora differ (Wells's ECIT/ICIT vs Mahadevan 1977).",U-base with three loop-topped stems; plate sign 782 matches. Glyph match (see GLYPH_MATCHES).
M370,CANDIDATE,INDETERMINATE,,NONE,,,Indeterminate: no conditional implication is recorded.,"No correspondence in the held canonical registry, no entry in the MA thesis Fig. 3.6 concordance, and the glyph could not be located with confidence in the PhD Fig. 3.2 plates; treatment not determinable from the theses as held. No inference made."
M378,CANDIDATE,SAME,837,GLYPH,"PhD 2006, Fig. 3.2, thesis p. 92",verified,"Wells's list carries a one-to-one counterpart (837); if Wells's segmentation were adopted, the sign's token identity would carry over by name, though the underlying corpora differ (Wells's ECIT/ICIT vs Mahadevan 1977).",Plain oval with a single central vertical stroke; plate sign 837 matches exactly. Glyph match (see GLYPH_MATCHES).
M379,CANDIDATE,SPLIT,831;833,REGISTRY,"PhD 2006, Fig. 3.2 (thesis p. 92); numbering as cross-matched in the held canonical registry (Wells 2015 form of the Wells/ICIT list)",,"If Wells's segmentation were adopted, tokens counted under M379 in the Mahadevan-lineage corpus would divide among Wells graphemes 831, 833; frequency and positional statistics computed on the pooled sign would need recomputation per grapheme.",
M380,CANDIDATE,SAME,825,REGISTRY,"PhD 2006, Fig. 3.2 (thesis p. 92); numbering as cross-matched in the held canonical registry (Wells 2015 form of the Wells/ICIT list)",,"Wells's list carries a one-to-one counterpart (825); if Wells's segmentation were adopted, the sign's token identity would carry over by name, though the underlying corpora differ (Wells's ECIT/ICIT vs Mahadevan 1977).",
M381,CANDIDATE,SPLIT,812;813;814,REGISTRY,"PhD 2006, Fig. 3.2 (thesis p. 92); numbering as cross-matched in the held canonical registry (Wells 2015 form of the Wells/ICIT list)",,"If Wells's segmentation were adopted, tokens counted under M381 in the Mahadevan-lineage corpus would divide among Wells graphemes 812, 813, 814; frequency and positional statistics computed on the pooled sign would need recomputation per grapheme.",
M382,CANDIDATE,INDETERMINATE,,NONE,,,Indeterminate: no conditional implication is recorded.,"No correspondence in the held canonical registry, no entry in the MA thesis Fig. 3.6 concordance, and the glyph could not be located with confidence in the PhD Fig. 3.2 plates; treatment not determinable from the theses as held. No inference made."
M383,pending_non_sa_validation,SPLIT,815;816,REGISTRY,"PhD 2006, Fig. 3.2 (thesis p. 92); numbering as cross-matched in the held canonical registry (Wells 2015 form of the Wells/ICIT list)",verified,"If Wells's segmentation were adopted, tokens counted under M383 in the Mahadevan-lineage corpus would divide among Wells graphemes 815, 816; frequency and positional statistics computed on the pooled sign would need recomputation per grapheme.",W815 (oval containing a barred compartment) matches the Mahadevan glyph's oval-with-internal-divisions form; W816 is its plainer variant.
M387,CANDIDATE,SPLIT,803;805;806,REGISTRY,"PhD 2006, Fig. 3.2 (thesis p. 92); numbering as cross-matched in the held canonical registry (Wells 2015 form of the Wells/ICIT list)",,"If Wells's segmentation were adopted, tokens counted under M387 in the Mahadevan-lineage corpus would divide among Wells graphemes 803, 805, 806; frequency and positional statistics computed on the pooled sign would need recomputation per grapheme.",
M388,CANDIDATE,SPLIT,804;807,REGISTRY,"PhD 2006, Fig. 3.2 (thesis p. 92); numbering as cross-matched in the held canonical registry (Wells 2015 form of the Wells/ICIT list)",,"If Wells's segmentation were adopted, tokens counted under M388 in the Mahadevan-lineage corpus would divide among Wells graphemes 804, 807; frequency and positional statistics computed on the pooled sign would need recomputation per grapheme. Note: M390 also map(s) to one or more of these graphemes, so the division is not a clean partition.",
M389,CANDIDATE,MERGE,805,GLYPH,"PhD 2006, Fig. 3.2, thesis p. 92",verified_with_conflict,"If Wells's segmentation were adopted, M389 and M387 would be counted as the single Wells grapheme 805; their token counts would pool and any contrast drawn between them would disappear.","Oval with a three-pronged fork rising from the base inside; plate sign 805 matches by glyph, but the held registry also assigns W805 to M387 - a cross-source disagreement recorded, not resolved. Cross-source conflict recorded in the row note."
M390,CANDIDATE,SPLIT,804;807,REGISTRY,"PhD 2006, Fig. 3.2 (thesis p. 92); numbering as cross-matched in the held canonical registry (Wells 2015 form of the Wells/ICIT list)",,"If Wells's segmentation were adopted, tokens counted under M390 in the Mahadevan-lineage corpus would divide among Wells graphemes 804, 807; frequency and positional statistics computed on the pooled sign would need recomputation per grapheme. Note: M388 also map(s) to one or more of these graphemes, so the division is not a clean partition.",
M392,CANDIDATE,INDETERMINATE,,NONE,,,Indeterminate: no conditional implication is recorded.,"No correspondence in the held canonical registry, no entry in the MA thesis Fig. 3.6 concordance, and the glyph could not be located with confidence in the PhD Fig. 3.2 plates; treatment not determinable from the theses as held. No inference made."
M394,CANDIDATE,INDETERMINATE,,NONE,,,Indeterminate: no conditional implication is recorded.,"No correspondence in the held canonical registry, no entry in the MA thesis Fig. 3.6 concordance, and the glyph could not be located with confidence in the PhD Fig. 3.2 plates; treatment not determinable from the theses as held. No inference made."
M396,CANDIDATE,SAME,372,GLYPH,"PhD 2006, Fig. 3.2, thesis p. 91",verified,"Wells's list carries a one-to-one counterpart (372); if Wells's segmentation were adopted, the sign's token identity would carry over by name, though the underlying corpora differ (Wells's ECIT/ICIT vs Mahadevan 1977).",Stemmed circle with central dot; plate sign 372 matches modulo font rendering (thesis font draws a dot where the Mahadevan font draws a small inner oval).
M397,CANDIDATE,SPLIT,370;371;372,REGISTRY,"PhD 2006, Fig. 3.2 (thesis p. 91); numbering as cross-matched in the held canonical registry (Wells 2015 form of the Wells/ICIT list)",,"If Wells's segmentation were adopted, tokens counted under M397 in the Mahadevan-lineage corpus would divide among Wells graphemes 370, 371, 372; frequency and positional statistics computed on the pooled sign would need recomputation per grapheme.",
M400,CANDIDATE,SAME,374,REGISTRY,"PhD 2006, Fig. 3.2 (thesis p. 91); numbering as cross-matched in the held canonical registry (Wells 2015 form of the Wells/ICIT list); MA 1998, Fig. 3.6 (thesis p. 77)",,"Wells's list carries a one-to-one counterpart (374); if Wells's segmentation were adopted, the sign's token identity would carry over by name, though the underlying corpora differ (Wells's ECIT/ICIT vs Mahadevan 1977).","MA Fig. 3.6 gives Wells (1997) no(s). 247 for this sign (MA treatment: SAME), under the MA numbering."
M401,pending_non_sa_validation,SAME,375,REGISTRY,"PhD 2006, Fig. 3.2 (thesis p. 91); numbering as cross-matched in the held canonical registry (Wells 2015 form of the Wells/ICIT list)",partial,"Wells's list carries a one-to-one counterpart (375); if Wells's segmentation were adopted, the sign's token identity would carry over by name, though the underlying corpora differ (Wells's ECIT/ICIT vs Mahadevan 1977).",W375 is the paired-loop family; the Mahadevan glyph's barred knot form is not reproduced exactly in the Wells font rendering.
M402,pending_non_sa_validation,SPLIT,365;367;368,REGISTRY,"PhD 2006, Fig. 3.2 (thesis p. 91); numbering as cross-matched in the held canonical registry (Wells 2015 form of the Wells/ICIT list)",,"If Wells's segmentation were adopted, tokens counted under M402 in the Mahadevan-lineage corpus would divide among Wells graphemes 365, 367, 368; frequency and positional statistics computed on the pooled sign would need recomputation per grapheme.",
M405,CANDIDATE,SAME,841,REGISTRY,"PhD 2006, Fig. 3.2 (thesis p. 92); numbering as cross-matched in the held canonical registry (Wells 2015 form of the Wells/ICIT list)",verified,"Wells's list carries a one-to-one counterpart (841); if Wells's segmentation were adopted, the sign's token identity would carry over by name, though the underlying corpora differ (Wells's ECIT/ICIT vs Mahadevan 1977).",W841 (overlapping ovals with a small external mark at right) matches the Mahadevan glyph.
M406,CANDIDATE,INDETERMINATE,,NONE,,,Indeterminate: no conditional implication is recorded.,"No correspondence in the held canonical registry, no entry in the MA thesis Fig. 3.6 concordance, and the glyph could not be located with confidence in the PhD Fig. 3.2 plates; treatment not determinable from the theses as held. No inference made."
M407,CANDIDATE,SAME,845,REGISTRY,"PhD 2006, Fig. 3.2 (thesis p. 92); numbering as cross-matched in the held canonical registry (Wells 2015 form of the Wells/ICIT list)",,"Wells's list carries a one-to-one counterpart (845); if Wells's segmentation were adopted, the sign's token identity would carry over by name, though the underlying corpora differ (Wells's ECIT/ICIT vs Mahadevan 1977).",
M408,CANDIDATE,SAME,169,REGISTRY,"PhD 2006, Fig. 3.2 (thesis p. 90); numbering as cross-matched in the held canonical registry (Wells 2015 form of the Wells/ICIT list)",,"Wells's list carries a one-to-one counterpart (169); if Wells's segmentation were adopted, the sign's token identity would carry over by name, though the underlying corpora differ (Wells's ECIT/ICIT vs Mahadevan 1977).",
M412,pending_non_sa_validation,SAME,201,REGISTRY,"PhD 2006, Fig. 3.2 (thesis p. 90); numbering as cross-matched in the held canonical registry (Wells 2015 form of the Wells/ICIT list)",,"Wells's list carries a one-to-one counterpart (201); if Wells's segmentation were adopted, the sign's token identity would carry over by name, though the underlying corpora differ (Wells's ECIT/ICIT vs Mahadevan 1977).",
M413,CANDIDATE,SAME,203,REGISTRY,"PhD 2006, Fig. 3.2 (thesis p. 90); numbering as cross-matched in the held canonical registry (Wells 2015 form of the Wells/ICIT list)",,"Wells's list carries a one-to-one counterpart (203); if Wells's segmentation were adopted, the sign's token identity would carry over by name, though the underlying corpora differ (Wells's ECIT/ICIT vs Mahadevan 1977).",
M415,CANDIDATE,SPLIT,215;216,REGISTRY,"PhD 2006, Fig. 3.2 (thesis p. 90); numbering as cross-matched in the held canonical registry (Wells 2015 form of the Wells/ICIT list)",,"If Wells's segmentation were adopted, tokens counted under M415 in the Mahadevan-lineage corpus would divide among Wells graphemes 215, 216; frequency and positional statistics computed on the pooled sign would need recomputation per grapheme. Note: M417 also map(s) to one or more of these graphemes, so the division is not a clean partition.",
M416,pending_non_sa_validation,SAME,217,REGISTRY,"PhD 2006, Fig. 3.2 (thesis p. 90); numbering as cross-matched in the held canonical registry (Wells 2015 form of the Wells/ICIT list)",verified,"Wells's list carries a one-to-one counterpart (217); if Wells's segmentation were adopted, the sign's token identity would carry over by name, though the underlying corpora differ (Wells's ECIT/ICIT vs Mahadevan 1977).","W217 plate glyph (barred figure-8 between verticals, |8|) matches the Mahadevan glyph exactly."
